id,project,meeting_number,speaker_number,speech_frequency,total_words,duration,normalized_speech_frequency,speaker_id,next_speaker_id,count,network_density,weighted_network_density,gini_coefficient,interaction_equality_index,degree_centrality,indegree_centrality,outdegree_centrality,betweenness_centrality,closeness_centrality,eigenvector_centrality,pagerank,overall_collaboration_score,individual_collaboration_score
3_0_SPEAKER_00,3,1,0,22,8731,98,0.2244897959183673,0,0,0,0.5833333333333334,10.666666666666666,0.4023437487426757,0.2795536322875935,2,1,1,0.0,0.0277777777777777,0.0134843037051064,0.0439801820137006,-1.0,-1.0
3_0_SPEAKER_00,3,1,0,22,8731,98,0.2244897959183673,0,1,1,0.5833333333333334,10.666666666666666,0.4023437487426757,0.2795536322875935,2,1,1,0.0,0.0277777777777777,0.0134843037051064,0.0439801820137006,-1.0,-1.0
3_0_SPEAKER_00,3,1,0,22,8731,98,0.2244897959183673,0,2,0,0.5833333333333334,10.666666666666666,0.4023437487426757,0.2795536322875935,2,1,1,0.0,0.0277777777777777,0.0134843037051064,0.0439801820137006,-1.0,-1.0
3_0_SPEAKER_00,3,1,0,22,8731,98,0.2244897959183673,0,3,0,0.5833333333333334,10.666666666666666,0.4023437487426757,0.2795536322875935,2,1,1,0.0,0.0277777777777777,0.0134843037051064,0.0439801820137006,-1.0,-1.0
3_0_SPEAKER_01,3,1,1,645,8731,98,6.581632653061225,1,0,1,0.5833333333333334,10.666666666666666,0.4023437487426757,0.2795536322875935,87,43,44,0.6666666666666666,0.0283018867924528,0.6329854261349638,0.3354459208754061,-1.0,-1.0
3_0_SPEAKER_01,3,1,1,645,8731,98,6.581632653061225,1,1,0,0.5833333333333334,10.666666666666666,0.4023437487426757,0.2795536322875935,87,43,44,0.6666666666666666,0.0283018867924528,0.6329854261349638,0.3354459208754061,-1.0,-1.0
3_0_SPEAKER_01,3,1,1,645,8731,98,6.581632653061225,1,2,1,0.5833333333333334,10.666666666666666,0.4023437487426757,0.2795536322875935,87,43,44,0.6666666666666666,0.0283018867924528,0.6329854261349638,0.3354459208754061,-1.0,-1.0
3_0_SPEAKER_01,3,1,1,645,8731,98,6.581632653061225,1,3,42,0.5833333333333334,10.666666666666666,0.4023437487426757,0.2795536322875935,87,43,44,0.6666666666666666,0.0283018867924528,0.6329854261349638,0.3354459208754061,-1.0,-1.0
3_0_SPEAKER_02,3,1,2,345,8731,98,3.520408163265306,2,0,0,0.5833333333333334,10.666666666666666,0.4023437487426757,0.2795536322875935,42,21,21,0.3333333333333333,0.1304347826086956,0.3147691490972661,0.1680576784494523,-1.0,-1.0
3_0_SPEAKER_02,3,1,2,345,8731,98,3.520408163265306,2,1,0,0.5833333333333334,10.666666666666666,0.4023437487426757,0.2795536322875935,42,21,21,0.3333333333333333,0.1304347826086956,0.3147691490972661,0.1680576784494523,-1.0,-1.0
3_0_SPEAKER_02,3,1,2,345,8731,98,3.520408163265306,2,2,0,0.5833333333333334,10.666666666666666,0.4023437487426757,0.2795536322875935,42,21,21,0.3333333333333333,0.1304347826086956,0.3147691490972661,0.1680576784494523,-1.0,-1.0
3_0_SPEAKER_02,3,1,2,345,8731,98,3.520408163265306,2,3,21,0.5833333333333334,10.666666666666666,0.4023437487426757,0.2795536322875935,42,21,21,0.3333333333333333,0.1304347826086956,0.3147691490972661,0.1680576784494523,-1.0,-1.0
3_0_SPEAKER_03,3,1,3,7719,8731,98,78.76530612244898,3,0,0,0.5833333333333334,10.666666666666666,0.4023437487426757,0.2795536322875935,125,63,62,0.3333333333333333,0.0454545454545454,0.7071548675013909,0.4525162186614408,-1.0,-1.0
3_0_SPEAKER_03,3,1,3,7719,8731,98,78.76530612244898,3,1,42,0.5833333333333334,10.666666666666666,0.4023437487426757,0.2795536322875935,125,63,62,0.3333333333333333,0.0454545454545454,0.7071548675013909,0.4525162186614408,-1.0,-1.0
3_0_SPEAKER_03,3,1,3,7719,8731,98,78.76530612244898,3,2,20,0.5833333333333334,10.666666666666666,0.4023437487426757,0.2795536322875935,125,63,62,0.3333333333333333,0.0454545454545454,0.7071548675013909,0.4525162186614408,-1.0,-1.0
3_0_SPEAKER_03,3,1,3,7719,8731,98,78.76530612244898,3,3,64,0.5833333333333334,10.666666666666666,0.4023437487426757,0.2795536322875935,125,63,62,0.3333333333333333,0.0454545454545454,0.7071548675013909,0.4525162186614408,-1.0,-1.0
3_1_SPEAKER_00,3,2,0,2,7910,92,0.0217391304347826,0,0,0,0.5,7.833333333333333,0.4840425511317338,0.0420804949369848,2,1,1,0.0,0.0612244897959183,0.0157057510088448,0.0461759452343327,-1.0,-1.0
3_1_SPEAKER_00,3,2,0,2,7910,92,0.0217391304347826,0,1,0,0.5,7.833333333333333,0.4840425511317338,0.0420804949369848,2,1,1,0.0,0.0612244897959183,0.0157057510088448,0.0461759452343327,-1.0,-1.0
3_1_SPEAKER_00,3,2,0,2,7910,92,0.0217391304347826,0,2,0,0.5,7.833333333333333,0.4840425511317338,0.0420804949369848,2,1,1,0.0,0.0612244897959183,0.0157057510088448,0.0461759452343327,-1.0,-1.0
3_1_SPEAKER_00,3,2,0,2,7910,92,0.0217391304347826,0,3,1,0.5,7.833333333333333,0.4840425511317338,0.0420804949369848,2,1,1,0.0,0.0612244897959183,0.0157057510088448,0.0461759452343327,-1.0,-1.0
3_1_SPEAKER_01,3,2,1,3,7910,92,0.0326086956521739,1,0,0,0.5,7.833333333333333,0.4840425511317338,0.0420804949369848,2,1,1,0.0,0.0612244897959183,0.0157057510088448,0.0461759452343327,-1.0,-1.0
3_1_SPEAKER_01,3,2,1,3,7910,92,0.0326086956521739,1,1,0,0.5,7.833333333333333,0.4840425511317338,0.0420804949369848,2,1,1,0.0,0.0612244897959183,0.0157057510088448,0.0461759452343327,-1.0,-1.0
3_1_SPEAKER_01,3,2,1,3,7910,92,0.0326086956521739,1,2,0,0.5,7.833333333333333,0.4840425511317338,0.0420804949369848,2,1,1,0.0,0.0612244897959183,0.0157057510088448,0.0461759452343327,-1.0,-1.0
3_1_SPEAKER_01,3,2,1,3,7910,92,0.0326086956521739,1,3,1,0.5,7.833333333333333,0.4840425511317338,0.0420804949369848,2,1,1,0.0,0.0612244897959183,0.0157057510088448,0.0461759452343327,-1.0,-1.0
3_1_SPEAKER_02,3,2,2,532,7910,92,5.782608695652174,2,0,0,0.5,7.833333333333333,0.4840425511317338,0.0420804949369848,90,45,45,0.0,0.0218978102189781,0.7067587953980201,0.4279175355449712,-1.0,-1.0
3_1_SPEAKER_02,3,2,2,532,7910,92,5.782608695652174,2,1,0,0.5,7.833333333333333,0.4840425511317338,0.0420804949369848,90,45,45,0.0,0.0218978102189781,0.7067587953980201,0.4279175355449712,-1.0,-1.0
3_1_SPEAKER_02,3,2,2,532,7910,92,5.782608695652174,2,2,14,0.5,7.833333333333333,0.4840425511317338,0.0420804949369848,90,45,45,0.0,0.0218978102189781,0.7067587953980201,0.4279175355449712,-1.0,-1.0
3_1_SPEAKER_02,3,2,2,532,7910,92,5.782608695652174,2,3,45,0.5,7.833333333333333,0.4840425511317338,0.0420804949369848,90,45,45,0.0,0.0218978102189781,0.7067587953980201,0.4279175355449712,-1.0,-1.0
3_1_SPEAKER_03,3,2,3,7373,7910,92,80.1413043478261,3,0,1,0.5,7.833333333333333,0.4840425511317338,0.0420804949369848,94,47,47,1.0,0.0638297872340425,0.7071058364191573,0.4797305739863631,-1.0,-1.0
3_1_SPEAKER_03,3,2,3,7373,7910,92,80.1413043478261,3,1,1,0.5,7.833333333333333,0.4840425511317338,0.0420804949369848,94,47,47,1.0,0.0638297872340425,0.7071058364191573,0.4797305739863631,-1.0,-1.0
3_1_SPEAKER_03,3,2,3,7373,7910,92,80.1413043478261,3,2,45,0.5,7.833333333333333,0.4840425511317338,0.0420804949369848,94,47,47,1.0,0.0638297872340425,0.7071058364191573,0.4797305739863631,-1.0,-1.0
3_1_SPEAKER_03,3,2,3,7373,7910,92,80.1413043478261,3,3,496,0.5,7.833333333333333,0.4840425511317338,0.0420804949369848,94,47,47,1.0,0.0638297872340425,0.7071058364191573,0.4797305739863631,-1.0,-1.0
3_2_SPEAKER_00,3,3,0,1,6431,69,0.0144927536231884,0,0,0,0.5833333333333334,6.416666666666667,0.3668831149772306,0.3323361592713271,2,1,1,0.0,0.0508474576271186,0.0169008361400002,0.0480877234299276,-1.0,-1.0
3_2_SPEAKER_00,3,3,0,1,6431,69,0.0144927536231884,0,1,0,0.5833333333333334,6.416666666666667,0.3668831149772306,0.3323361592713271,2,1,1,0.0,0.0508474576271186,0.0169008361400002,0.0480877234299276,-1.0,-1.0
3_2_SPEAKER_00,3,3,0,1,6431,69,0.0144927536231884,0,2,1,0.5833333333333334,6.416666666666667,0.3668831149772306,0.3323361592713271,2,1,1,0.0,0.0508474576271186,0.0169008361400002,0.0480877234299276,-1.0,-1.0
3_2_SPEAKER_00,3,3,0,1,6431,69,0.0144927536231884,0,3,0,0.5833333333333334,6.416666666666667,0.3668831149772306,0.3323361592713271,2,1,1,0.0,0.0508474576271186,0.0169008361400002,0.0480877234299276,-1.0,-1.0
3_2_SPEAKER_01,3,3,1,241,6431,69,3.4927536231884058,1,0,1,0.5833333333333334,6.416666666666667,0.3668831149772306,0.3323361592713271,34,17,17,0.5,0.03125,0.4501985067663603,0.211755348427667,-1.0,-1.0
3_2_SPEAKER_01,3,3,1,241,6431,69,3.4927536231884058,1,1,0,0.5833333333333334,6.416666666666667,0.3668831149772306,0.3323361592713271,34,17,17,0.5,0.03125,0.4501985067663603,0.211755348427667,-1.0,-1.0
3_2_SPEAKER_01,3,3,1,241,6431,69,3.4927536231884058,1,2,1,0.5833333333333334,6.416666666666667,0.3668831149772306,0.3323361592713271,34,17,17,0.5,0.03125,0.4501985067663603,0.211755348427667,-1.0,-1.0
3_2_SPEAKER_01,3,3,1,241,6431,69,3.4927536231884058,1,3,15,0.5833333333333334,6.416666666666667,0.3668831149772306,0.3323361592713271,34,17,17,0.5,0.03125,0.4501985067663603,0.211755348427667,-1.0,-1.0
3_2_SPEAKER_02,3,3,2,408,6431,69,5.913043478260869,2,0,0,0.5833333333333334,6.416666666666667,0.3668831149772306,0.3323361592713271,44,22,22,0.3333333333333333,0.15,0.547180607235054,0.2939686258256828,-1.0,-1.0
3_2_SPEAKER_02,3,3,2,408,6431,69,5.913043478260869,2,1,0,0.5833333333333334,6.416666666666667,0.3668831149772306,0.3323361592713271,44,22,22,0.3333333333333333,0.15,0.547180607235054,0.2939686258256828,-1.0,-1.0
3_2_SPEAKER_02,3,3,2,408,6431,69,5.913043478260869,2,2,0,0.5833333333333334,6.416666666666667,0.3668831149772306,0.3323361592713271,44,22,22,0.3333333333333333,0.15,0.547180607235054,0.2939686258256828,-1.0,-1.0
3_2_SPEAKER_02,3,3,2,408,6431,69,5.913043478260869,2,3,22,0.5833333333333334,6.416666666666667,0.3668831149772306,0.3323361592713271,44,22,22,0.3333333333333333,0.15,0.547180607235054,0.2939686258256828,-1.0,-1.0
3_2_SPEAKER_03,3,3,3,5781,6431,69,83.78260869565217,3,0,0,0.5833333333333334,6.416666666666667,0.3668831149772306,0.3323361592713271,74,37,37,0.5,0.05,0.7054282736813048,0.4461883023167227,-1.0,-1.0
3_2_SPEAKER_03,3,3,3,5781,6431,69,83.78260869565217,3,1,17,0.5833333333333334,6.416666666666667,0.3668831149772306,0.3323361592713271,74,37,37,0.5,0.05,0.7054282736813048,0.4461883023167227,-1.0,-1.0
3_2_SPEAKER_03,3,3,3,5781,6431,69,83.78260869565217,3,2,20,0.5833333333333334,6.416666666666667,0.3668831149772306,0.3323361592713271,74,37,37,0.5,0.05,0.7054282736813048,0.4461883023167227,-1.0,-1.0
3_2_SPEAKER_03,3,3,3,5781,6431,69,83.78260869565217,3,3,42,0.5833333333333334,6.416666666666667,0.3668831149772306,0.3323361592713271,74,37,37,0.5,0.05,0.7054282736813048,0.4461883023167227,-1.0,-1.0
3_3_SPEAKER_00,3,4,0,338,7206,87,3.885057471264368,0,0,3,0.75,11.75,0.2890070913787032,0.4286046629912224,44,22,22,0.0,0.0297029702970297,0.3729008142698419,0.1647285356902766,-1.0,-1.0
3_3_SPEAKER_00,3,4,0,338,7206,87,3.885057471264368,0,1,1,0.75,11.75,0.2890070913787032,0.4286046629912224,44,22,22,0.0,0.0297029702970297,0.3729008142698419,0.1647285356902766,-1.0,-1.0
3_3_SPEAKER_00,3,4,0,338,7206,87,3.885057471264368,0,2,0,0.75,11.75,0.2890070913787032,0.4286046629912224,44,22,22,0.0,0.0297029702970297,0.3729008142698419,0.1647285356902766,-1.0,-1.0
3_3_SPEAKER_00,3,4,0,338,7206,87,3.885057471264368,0,3,21,0.75,11.75,0.2890070913787032,0.4286046629912224,44,22,22,0.0,0.0297029702970297,0.3729008142698419,0.1647285356902766,-1.0,-1.0
3_3_SPEAKER_01,3,4,1,312,7206,87,3.586206896551724,1,0,0,0.75,11.75,0.2890070913787032,0.4286046629912224,64,32,32,0.3333333333333333,0.15,0.5247294552199807,0.2240524410365518,-1.0,-1.0
3_3_SPEAKER_01,3,4,1,312,7206,87,3.586206896551724,1,1,1,0.75,11.75,0.2890070913787032,0.4286046629912224,64,32,32,0.3333333333333333,0.15,0.5247294552199807,0.2240524410365518,-1.0,-1.0
3_3_SPEAKER_01,3,4,1,312,7206,87,3.586206896551724,1,2,1,0.75,11.75,0.2890070913787032,0.4286046629912224,64,32,32,0.3333333333333333,0.15,0.5247294552199807,0.2240524410365518,-1.0,-1.0
3_3_SPEAKER_01,3,4,1,312,7206,87,3.586206896551724,1,3,31,0.75,11.75,0.2890070913787032,0.4286046629912224,64,32,32,0.3333333333333333,0.15,0.5247294552199807,0.2240524410365518,-1.0,-1.0
3_3_SPEAKER_02,3,4,2,333,7206,87,3.827586206896552,2,0,0,0.75,11.75,0.2890070913787032,0.4286046629912224,36,18,18,0.6666666666666666,0.15,0.3007906733406922,0.1417643722392246,-1.0,-1.0
3_3_SPEAKER_02,3,4,2,333,7206,87,3.827586206896552,2,1,1,0.75,11.75,0.2890070913787032,0.4286046629912224,36,18,18,0.6666666666666666,0.15,0.3007906733406922,0.1417643722392246,-1.0,-1.0
3_3_SPEAKER_02,3,4,2,333,7206,87,3.827586206896552,2,2,0,0.75,11.75,0.2890070913787032,0.4286046629912224,36,18,18,0.6666666666666666,0.15,0.3007906733406922,0.1417643722392246,-1.0,-1.0
3_3_SPEAKER_02,3,4,2,333,7206,87,3.827586206896552,2,3,17,0.75,11.75,0.2890070913787032,0.4286046629912224,36,18,18,0.6666666666666666,0.15,0.3007906733406922,0.1417643722392246,-1.0,-1.0
3_3_SPEAKER_03,3,4,3,6223,7206,87,71.52873563218391,3,0,22,0.75,11.75,0.2890070913787032,0.4286046629912224,138,69,69,0.3333333333333333,0.0555555555555555,0.7036540004666243,0.4694546510339469,-1.0,-1.0
3_3_SPEAKER_03,3,4,3,6223,7206,87,71.52873563218391,3,1,30,0.75,11.75,0.2890070913787032,0.4286046629912224,138,69,69,0.3333333333333333,0.0555555555555555,0.7036540004666243,0.4694546510339469,-1.0,-1.0
3_3_SPEAKER_03,3,4,3,6223,7206,87,71.52873563218391,3,2,17,0.75,11.75,0.2890070913787032,0.4286046629912224,138,69,69,0.3333333333333333,0.0555555555555555,0.7036540004666243,0.4694546510339469,-1.0,-1.0
3_3_SPEAKER_03,3,4,3,6223,7206,87,71.52873563218391,3,3,40,0.75,11.75,0.2890070913787032,0.4286046629912224,138,69,69,0.3333333333333333,0.0555555555555555,0.7036540004666243,0.4694546510339469,-1.0,-1.0
3_4_SPEAKER_00,3,5,0,92,2852,37,2.4864864864864864,0,0,0,0.5,2.833333333333333,0.3235294079584775,0.3746973051332558,8,4,4,0.0,0.12,0.2660762813717369,0.1334457472973262,-1.0,-1.0
3_4_SPEAKER_00,3,5,0,92,2852,37,2.4864864864864864,0,1,0,0.5,2.833333333333333,0.3235294079584775,0.3746973051332558,8,4,4,0.0,0.12,0.2660762813717369,0.1334457472973262,-1.0,-1.0
3_4_SPEAKER_00,3,5,0,92,2852,37,2.4864864864864864,0,2,0,0.5,2.833333333333333,0.3235294079584775,0.3746973051332558,8,4,4,0.0,0.12,0.2660762813717369,0.1334457472973262,-1.0,-1.0
3_4_SPEAKER_00,3,5,0,92,2852,37,2.4864864864864864,0,3,4,0.5,2.833333333333333,0.3235294079584775,0.3746973051332558,8,4,4,0.0,0.12,0.2660762813717369,0.1334457472973262,-1.0,-1.0
3_4_SPEAKER_01,3,5,1,193,2852,37,5.216216216216216,1,0,0,0.5,2.833333333333333,0.3235294079584775,0.3746973051332558,8,4,4,0.0,0.12,0.2660762813717369,0.1334457472973262,-1.0,-1.0
3_4_SPEAKER_01,3,5,1,193,2852,37,5.216216216216216,1,1,1,0.5,2.833333333333333,0.3235294079584775,0.3746973051332558,8,4,4,0.0,0.12,0.2660762813717369,0.1334457472973262,-1.0,-1.0
3_4_SPEAKER_01,3,5,1,193,2852,37,5.216216216216216,1,2,0,0.5,2.833333333333333,0.3235294079584775,0.3746973051332558,8,4,4,0.0,0.12,0.2660762813717369,0.1334457472973262,-1.0,-1.0
3_4_SPEAKER_01,3,5,1,193,2852,37,5.216216216216216,1,3,4,0.5,2.833333333333333,0.3235294079584775,0.3746973051332558,8,4,4,0.0,0.12,0.2660762813717369,0.1334457472973262,-1.0,-1.0
3_4_SPEAKER_02,3,5,2,232,2852,37,6.27027027027027,2,0,0,0.5,2.833333333333333,0.3235294079584775,0.3746973051332558,18,9,9,0.0,0.0857142857142857,0.5986716330864079,0.2533779314189841,-1.0,-1.0
3_4_SPEAKER_02,3,5,2,232,2852,37,6.27027027027027,2,1,0,0.5,2.833333333333333,0.3235294079584775,0.3746973051332558,18,9,9,0.0,0.0857142857142857,0.5986716330864079,0.2533779314189841,-1.0,-1.0
3_4_SPEAKER_02,3,5,2,232,2852,37,6.27027027027027,2,2,0,0.5,2.833333333333333,0.3235294079584775,0.3746973051332558,18,9,9,0.0,0.0857142857142857,0.5986716330864079,0.2533779314189841,-1.0,-1.0
3_4_SPEAKER_02,3,5,2,232,2852,37,6.27027027027027,2,3,9,0.5,2.833333333333333,0.3235294079584775,0.3746973051332558,18,9,9,0.0,0.0857142857142857,0.5986716330864079,0.2533779314189841,-1.0,-1.0
3_4_SPEAKER_03,3,5,3,2335,2852,37,63.108108108108105,3,0,4,0.5,2.833333333333333,0.3235294079584775,0.3746973051332558,34,17,17,1.0,0.1764705882352941,0.7071061452995794,0.4797305739863631,-1.0,-1.0
3_4_SPEAKER_03,3,5,3,2335,2852,37,63.108108108108105,3,1,4,0.5,2.833333333333333,0.3235294079584775,0.3746973051332558,34,17,17,1.0,0.1764705882352941,0.7071061452995794,0.4797305739863631,-1.0,-1.0
3_4_SPEAKER_03,3,5,3,2335,2852,37,63.108108108108105,3,2,9,0.5,2.833333333333333,0.3235294079584775,0.3746973051332558,34,17,17,1.0,0.1764705882352941,0.7071061452995794,0.4797305739863631,-1.0,-1.0
3_4_SPEAKER_03,3,5,3,2335,2852,37,63.108108108108105,3,3,18,0.5,2.833333333333333,0.3235294079584775,0.3746973051332558,34,17,17,1.0,0.1764705882352941,0.7071061452995794,0.4797305739863631,-1.0,-1.0
4_0_SPEAKER_00,4,1,0,1294,12023,119,10.873949579831931,0,0,1,0.8,11.65,0.3416309005544401,0.3303345579821954,116,58,58,0.25,0.125,0.5735734088561836,0.2377504067562273,3.0,4.0
4_0_SPEAKER_00,4,1,0,1294,12023,119,10.873949579831931,0,1,1,0.8,11.65,0.3416309005544401,0.3303345579821954,116,58,58,0.25,0.125,0.5735734088561836,0.2377504067562273,3.0,3.0
4_0_SPEAKER_00,4,1,0,1294,12023,119,10.873949579831931,0,2,1,0.8,11.65,0.3416309005544401,0.3303345579821954,116,58,58,0.25,0.125,0.5735734088561836,0.2377504067562273,3.0,3.0
4_0_SPEAKER_00,4,1,0,1294,12023,119,10.873949579831931,0,3,48,0.8,11.65,0.3416309005544401,0.3303345579821954,116,58,58,0.25,0.125,0.5735734088561836,0.2377504067562273,3.0,6.0
4_0_SPEAKER_00,4,1,0,1294,12023,119,10.873949579831931,0,4,8,0.8,11.65,0.3416309005544401,0.3303345579821954,116,58,58,0.25,0.125,0.5735734088561836,0.2377504067562273,3.0,3.0
4_0_SPEAKER_01,4,1,1,711,12023,119,5.974789915966387,1,0,3,0.8,11.65,0.3416309005544401,0.3303345579821954,42,21,21,0.0833333333333333,0.1538461538461538,0.21447245977625,0.1046463632107669,2.0,3.0
4_0_SPEAKER_01,4,1,1,711,12023,119,5.974789915966387,1,1,4,0.8,11.65,0.3416309005544401,0.3303345579821954,42,21,21,0.0833333333333333,0.1538461538461538,0.21447245977625,0.1046463632107669,2.0,2.0
4_0_SPEAKER_01,4,1,1,711,12023,119,5.974789915966387,1,2,0,0.8,11.65,0.3416309005544401,0.3303345579821954,42,21,21,0.0833333333333333,0.1538461538461538,0.21447245977625,0.1046463632107669,2.0,2.0
4_0_SPEAKER_01,4,1,1,711,12023,119,5.974789915966387,1,3,18,0.8,11.65,0.3416309005544401,0.3303345579821954,42,21,21,0.0833333333333333,0.1538461538461538,0.21447245977625,0.1046463632107669,2.0,6.0
4_0_SPEAKER_01,4,1,1,711,12023,119,5.974789915966387,1,4,0,0.8,11.65,0.3416309005544401,0.3303345579821954,42,21,21,0.0833333333333333,0.1538461538461538,0.21447245977625,0.1046463632107669,2.0,2.0
4_0_SPEAKER_02,4,1,2,600,12023,119,5.042016806722689,2,0,4,0.8,11.65,0.3416309005544401,0.3303345579821954,46,23,23,0.25,0.1481481481481481,0.2462930727056815,0.1105114298802404,3.0,4.0
4_0_SPEAKER_02,4,1,2,600,12023,119,5.042016806722689,2,1,3,0.8,11.65,0.3416309005544401,0.3303345579821954,46,23,23,0.25,0.1481481481481481,0.2462930727056815,0.1105114298802404,3.0,3.0
4_0_SPEAKER_02,4,1,2,600,12023,119,5.042016806722689,2,2,3,0.8,11.65,0.3416309005544401,0.3303345579821954,46,23,23,0.25,0.1481481481481481,0.2462930727056815,0.1105114298802404,3.0,3.0
4_0_SPEAKER_02,4,1,2,600,12023,119,5.042016806722689,2,3,16,0.8,11.65,0.3416309005544401,0.3303345579821954,46,23,23,0.25,0.1481481481481481,0.2462930727056815,0.1105114298802404,3.0,6.0
4_0_SPEAKER_02,4,1,2,600,12023,119,5.042016806722689,2,4,0,0.8,11.65,0.3416309005544401,0.3303345579821954,46,23,23,0.25,0.1481481481481481,0.2462930727056815,0.1105114298802404,3.0,3.0
4_0_SPEAKER_03,4,1,3,8844,12023,119,74.31932773109244,3,0,46,0.8,11.65,0.3416309005544401,0.3303345579821954,206,103,103,0.0,0.0579710144927536,0.687621946363095,0.4199120061145829,3.0,3.0
4_0_SPEAKER_03,4,1,3,8844,12023,119,74.31932773109244,3,1,17,0.8,11.65,0.3416309005544401,0.3303345579821954,206,103,103,0.0,0.0579710144927536,0.687621946363095,0.4199120061145829,3.0,2.0
4_0_SPEAKER_03,4,1,3,8844,12023,119,74.31932773109244,3,2,20,0.8,11.65,0.3416309005544401,0.3303345579821954,206,103,103,0.0,0.0579710144927536,0.687621946363095,0.4199120061145829,3.0,2.0
4_0_SPEAKER_03,4,1,3,8844,12023,119,74.31932773109244,3,3,54,0.8,11.65,0.3416309005544401,0.3303345579821954,206,103,103,0.0,0.0579710144927536,0.687621946363095,0.4199120061145829,3.0,7.0
4_0_SPEAKER_03,4,1,3,8844,12023,119,74.31932773109244,3,4,20,0.8,11.65,0.3416309005544401,0.3303345579821954,206,103,103,0.0,0.0579710144927536,0.687621946363095,0.4199120061145829,3.0,2.0
4_0_SPEAKER_04,4,1,4,574,12023,119,4.823529411764706,4,0,5,0.8,11.65,0.3416309005544401,0.3303345579821954,56,28,28,0.0,0.0784313725490196,0.3025407243126861,0.127179794038182,2.0,4.0
4_0_SPEAKER_04,4,1,4,574,12023,119,4.823529411764706,4,1,0,0.8,11.65,0.3416309005544401,0.3303345579821954,56,28,28,0.0,0.0784313725490196,0.3025407243126861,0.127179794038182,2.0,3.0
4_0_SPEAKER_04,4,1,4,574,12023,119,4.823529411764706,4,2,2,0.8,11.65,0.3416309005544401,0.3303345579821954,56,28,28,0.0,0.0784313725490196,0.3025407243126861,0.127179794038182,2.0,3.0
4_0_SPEAKER_04,4,1,4,574,12023,119,4.823529411764706,4,3,21,0.8,11.65,0.3416309005544401,0.3303345579821954,56,28,28,0.0,0.0784313725490196,0.3025407243126861,0.127179794038182,2.0,5.0
4_0_SPEAKER_04,4,1,4,574,12023,119,4.823529411764706,4,4,1,0.8,11.65,0.3416309005544401,0.3303345579821954,56,28,28,0.0,0.0784313725490196,0.3025407243126861,0.127179794038182,2.0,3.0
4_1_SPEAKER_00,4,2,0,1894,11416,127,14.913385826771654,0,0,8,0.9,12.2,0.3754098352962913,0.3004637386674598,100,50,50,0.0,0.1666666666666666,0.4461200932143391,0.20272861999628,3.0,3.0
4_1_SPEAKER_00,4,2,0,1894,11416,127,14.913385826771654,0,1,8,0.9,12.2,0.3754098352962913,0.3004637386674598,100,50,50,0.0,0.1666666666666666,0.4461200932143391,0.20272861999628,3.0,4.0
4_1_SPEAKER_00,4,2,0,1894,11416,127,14.913385826771654,0,2,3,0.9,12.2,0.3754098352962913,0.3004637386674598,100,50,50,0.0,0.1666666666666666,0.4461200932143391,0.20272861999628,3.0,3.0
4_1_SPEAKER_00,4,2,0,1894,11416,127,14.913385826771654,0,3,39,0.9,12.2,0.3754098352962913,0.3004637386674598,100,50,50,0.0,0.1666666666666666,0.4461200932143391,0.20272861999628,3.0,6.0
4_1_SPEAKER_00,4,2,0,1894,11416,127,14.913385826771654,0,4,0,0.9,12.2,0.3754098352962913,0.3004637386674598,100,50,50,0.0,0.1666666666666666,0.4461200932143391,0.20272861999628,3.0,4.0
4_1_SPEAKER_01,4,2,1,1057,11416,127,8.32283464566929,1,0,6,0.9,12.2,0.3754098352962913,0.3004637386674598,116,58,58,0.0833333333333333,0.2352941176470588,0.5442249618556328,0.2250253545920737,3.0,4.0
4_1_SPEAKER_01,4,2,1,1057,11416,127,8.32283464566929,1,1,1,0.9,12.2,0.3754098352962913,0.3004637386674598,116,58,58,0.0833333333333333,0.2352941176470588,0.5442249618556328,0.2250253545920737,3.0,4.0
4_1_SPEAKER_01,4,2,1,1057,11416,127,8.32283464566929,1,2,2,0.9,12.2,0.3754098352962913,0.3004637386674598,116,58,58,0.0833333333333333,0.2352941176470588,0.5442249618556328,0.2250253545920737,3.0,3.0
4_1_SPEAKER_01,4,2,1,1057,11416,127,8.32283464566929,1,3,48,0.9,12.2,0.3754098352962913,0.3004637386674598,116,58,58,0.0833333333333333,0.2352941176470588,0.5442249618556328,0.2250253545920737,3.0,6.0
4_1_SPEAKER_01,4,2,1,1057,11416,127,8.32283464566929,1,4,2,0.9,12.2,0.3754098352962913,0.3004637386674598,116,58,58,0.0833333333333333,0.2352941176470588,0.5442249618556328,0.2250253545920737,3.0,3.0
4_1_SPEAKER_02,4,2,2,322,11416,127,2.5354330708661417,2,0,3,0.9,12.2,0.3754098352962913,0.3004637386674598,30,15,15,0.5416666666666666,0.2222222222222222,0.1375093363179511,0.0798990057211592,3.0,4.0
4_1_SPEAKER_02,4,2,2,322,11416,127,2.5354330708661417,2,1,1,0.9,12.2,0.3754098352962913,0.3004637386674598,30,15,15,0.5416666666666666,0.2222222222222222,0.1375093363179511,0.0798990057211592,3.0,3.0
4_1_SPEAKER_02,4,2,2,322,11416,127,2.5354330708661417,2,2,2,0.9,12.2,0.3754098352962913,0.3004637386674598,30,15,15,0.5416666666666666,0.2222222222222222,0.1375093363179511,0.0798990057211592,3.0,3.0
4_1_SPEAKER_02,4,2,2,322,11416,127,2.5354330708661417,2,3,10,0.9,12.2,0.3754098352962913,0.3004637386674598,30,15,15,0.5416666666666666,0.2222222222222222,0.1375093363179511,0.0798990057211592,3.0,6.0
4_1_SPEAKER_02,4,2,2,322,11416,127,2.5354330708661417,2,4,1,0.9,12.2,0.3754098352962913,0.3004637386674598,30,15,15,0.5416666666666666,0.2222222222222222,0.1375093363179511,0.0798990057211592,3.0,3.0
4_1_SPEAKER_03,4,2,3,7776,11416,127,61.22834645669291,3,0,38,0.9,12.2,0.3754098352962913,0.3004637386674598,214,107,107,0.0,0.0888888888888888,0.6848530632233255,0.4149631661591047,4.0,6.0
4_1_SPEAKER_03,4,2,3,7776,11416,127,61.22834645669291,3,1,48,0.9,12.2,0.3754098352962913,0.3004637386674598,214,107,107,0.0,0.0888888888888888,0.6848530632233255,0.4149631661591047,4.0,4.0
4_1_SPEAKER_03,4,2,3,7776,11416,127,61.22834645669291,3,2,10,0.9,12.2,0.3754098352962913,0.3004637386674598,214,107,107,0.0,0.0888888888888888,0.6848530632233255,0.4149631661591047,4.0,3.0
4_1_SPEAKER_03,4,2,3,7776,11416,127,61.22834645669291,3,3,43,0.9,12.2,0.3754098352962913,0.3004637386674598,214,107,107,0.0,0.0888888888888888,0.6848530632233255,0.4149631661591047,4.0,7.0
4_1_SPEAKER_03,4,2,3,7776,11416,127,61.22834645669291,3,4,11,0.9,12.2,0.3754098352962913,0.3004637386674598,214,107,107,0.0,0.0888888888888888,0.6848530632233255,0.4149631661591047,4.0,3.0
4_1_SPEAKER_04,4,2,4,367,11416,127,2.8897637795275597,4,0,3,0.9,12.2,0.3754098352962913,0.3004637386674598,28,14,14,0.0833333333333333,0.2222222222222222,0.1298596070481069,0.0773838535313822,2.0,4.0
4_1_SPEAKER_04,4,2,4,367,11416,127,2.8897637795275597,4,1,1,0.9,12.2,0.3754098352962913,0.3004637386674598,28,14,14,0.0833333333333333,0.2222222222222222,0.1298596070481069,0.0773838535313822,2.0,3.0
4_1_SPEAKER_04,4,2,4,367,11416,127,2.8897637795275597,4,2,0,0.9,12.2,0.3754098352962913,0.3004637386674598,28,14,14,0.0833333333333333,0.2222222222222222,0.1298596070481069,0.0773838535313822,2.0,3.0
4_1_SPEAKER_04,4,2,4,367,11416,127,2.8897637795275597,4,3,10,0.9,12.2,0.3754098352962913,0.3004637386674598,28,14,14,0.0833333333333333,0.2222222222222222,0.1298596070481069,0.0773838535313822,2.0,6.0
4_1_SPEAKER_04,4,2,4,367,11416,127,2.8897637795275597,4,4,2,0.9,12.2,0.3754098352962913,0.3004637386674598,28,14,14,0.0833333333333333,0.2222222222222222,0.1298596070481069,0.0773838535313822,2.0,3.0
4_2_SPEAKER_00,4,3,0,2021,9697,114,17.728070175438596,0,0,3,0.95,19.15,0.2830287202571426,0.4632194136623784,174,87,87,0.0,0.1212121212121212,0.5250371875749328,0.2200863709652349,2.0,3.0
4_2_SPEAKER_00,4,3,0,2021,9697,114,17.728070175438596,0,1,15,0.95,19.15,0.2830287202571426,0.4632194136623784,174,87,87,0.0,0.1212121212121212,0.5250371875749328,0.2200863709652349,2.0,4.0
4_2_SPEAKER_00,4,3,0,2021,9697,114,17.728070175438596,0,2,5,0.95,19.15,0.2830287202571426,0.4632194136623784,174,87,87,0.0,0.1212121212121212,0.5250371875749328,0.2200863709652349,2.0,4.0
4_2_SPEAKER_00,4,3,0,2021,9697,114,17.728070175438596,0,3,52,0.95,19.15,0.2830287202571426,0.4632194136623784,174,87,87,0.0,0.1212121212121212,0.5250371875749328,0.2200863709652349,2.0,7.0
4_2_SPEAKER_00,4,3,0,2021,9697,114,17.728070175438596,0,4,15,0.95,19.15,0.2830287202571426,0.4632194136623784,174,87,87,0.0,0.1212121212121212,0.5250371875749328,0.2200863709652349,2.0,4.0
4_2_SPEAKER_01,4,3,1,1611,9697,114,14.13157894736842,1,0,16,0.95,19.15,0.2830287202571426,0.4632194136623784,108,54,54,0.25,0.0816326530612244,0.3553300018921167,0.1455005942631468,3.0,3.0
4_2_SPEAKER_01,4,3,1,1611,9697,114,14.13157894736842,1,1,6,0.95,19.15,0.2830287202571426,0.4632194136623784,108,54,54,0.25,0.0816326530612244,0.3553300018921167,0.1455005942631468,3.0,3.0
4_2_SPEAKER_01,4,3,1,1611,9697,114,14.13157894736842,1,2,1,0.95,19.15,0.2830287202571426,0.4632194136623784,108,54,54,0.25,0.0816326530612244,0.3553300018921167,0.1455005942631468,3.0,3.0
4_2_SPEAKER_01,4,3,1,1611,9697,114,14.13157894736842,1,3,34,0.95,19.15,0.2830287202571426,0.4632194136623784,108,54,54,0.25,0.0816326530612244,0.3553300018921167,0.1455005942631468,3.0,6.0
4_2_SPEAKER_01,4,3,1,1611,9697,114,14.13157894736842,1,4,3,0.95,19.15,0.2830287202571426,0.4632194136623784,108,54,54,0.25,0.0816326530612244,0.3553300018921167,0.1455005942631468,3.0,4.0
4_2_SPEAKER_02,4,3,2,790,9697,114,6.9298245614035086,2,0,2,0.95,19.15,0.2830287202571426,0.4632194136623784,64,32,32,0.8333333333333333,0.1333333333333333,0.1997315703446459,0.0991656299857732,3.0,3.0
4_2_SPEAKER_02,4,3,2,790,9697,114,6.9298245614035086,2,1,0,0.95,19.15,0.2830287202571426,0.4632194136623784,64,32,32,0.8333333333333333,0.1333333333333333,0.1997315703446459,0.0991656299857732,3.0,3.0
4_2_SPEAKER_02,4,3,2,790,9697,114,6.9298245614035086,2,2,4,0.95,19.15,0.2830287202571426,0.4632194136623784,64,32,32,0.8333333333333333,0.1333333333333333,0.1997315703446459,0.0991656299857732,3.0,3.0
4_2_SPEAKER_02,4,3,2,790,9697,114,6.9298245614035086,2,3,26,0.95,19.15,0.2830287202571426,0.4632194136623784,64,32,32,0.8333333333333333,0.1333333333333333,0.1997315703446459,0.0991656299857732,3.0,5.0
4_2_SPEAKER_02,4,3,2,790,9697,114,6.9298245614035086,2,4,4,0.95,19.15,0.2830287202571426,0.4632194136623784,64,32,32,0.8333333333333333,0.1333333333333333,0.1997315703446459,0.0991656299857732,3.0,3.0
4_2_SPEAKER_03,4,3,3,4354,9697,114,38.19298245614035,3,0,58,0.95,19.15,0.2830287202571426,0.4632194136623784,302,151,151,0.0,0.0350877192982456,0.6486483653701971,0.377054252252174,2.0,4.0
4_2_SPEAKER_03,4,3,3,4354,9697,114,38.19298245614035,3,1,36,0.95,19.15,0.2830287202571426,0.4632194136623784,302,151,151,0.0,0.0350877192982456,0.6486483653701971,0.377054252252174,2.0,5.0
4_2_SPEAKER_03,4,3,3,4354,9697,114,38.19298245614035,3,2,20,0.95,19.15,0.2830287202571426,0.4632194136623784,302,151,151,0.0,0.0350877192982456,0.6486483653701971,0.377054252252174,2.0,5.0
4_2_SPEAKER_03,4,3,3,4354,9697,114,38.19298245614035,3,3,19,0.95,19.15,0.2830287202571426,0.4632194136623784,302,151,151,0.0,0.0350877192982456,0.6486483653701971,0.377054252252174,2.0,6.0
4_2_SPEAKER_03,4,3,3,4354,9697,114,38.19298245614035,3,4,37,0.95,19.15,0.2830287202571426,0.4632194136623784,302,151,151,0.0,0.0350877192982456,0.6486483653701971,0.377054252252174,2.0,5.0
4_2_SPEAKER_04,4,3,4,921,9697,114,8.078947368421053,4,0,11,0.95,19.15,0.2830287202571426,0.4632194136623784,118,59,59,0.25,0.1,0.3707278507598078,0.1581931525336709,2.0,4.0
4_2_SPEAKER_04,4,3,4,921,9697,114,8.078947368421053,4,1,3,0.95,19.15,0.2830287202571426,0.4632194136623784,118,59,59,0.25,0.1,0.3707278507598078,0.1581931525336709,2.0,4.0
4_2_SPEAKER_04,4,3,4,921,9697,114,8.078947368421053,4,2,6,0.95,19.15,0.2830287202571426,0.4632194136623784,118,59,59,0.25,0.1,0.3707278507598078,0.1581931525336709,2.0,4.0
4_2_SPEAKER_04,4,3,4,921,9697,114,8.078947368421053,4,3,39,0.95,19.15,0.2830287202571426,0.4632194136623784,118,59,59,0.25,0.1,0.3707278507598078,0.1581931525336709,2.0,6.0
4_2_SPEAKER_04,4,3,4,921,9697,114,8.078947368421053,4,4,0,0.95,19.15,0.2830287202571426,0.4632194136623784,118,59,59,0.25,0.1,0.3707278507598078,0.1581931525336709,2.0,4.0
4_3_SPEAKER_00,4,4,0,297,10098,120,2.475,0,0,0,0.65,10.65,0.4469483557583372,0.1422957936774282,22,11,11,0.0,0.0526315789473684,0.1111067519545919,0.0712685734810131,4.0,4.0
4_3_SPEAKER_00,4,4,0,297,10098,120,2.475,0,1,0,0.65,10.65,0.4469483557583372,0.1422957936774282,22,11,11,0.0,0.0526315789473684,0.1111067519545919,0.0712685734810131,4.0,3.0
4_3_SPEAKER_00,4,4,0,297,10098,120,2.475,0,2,0,0.65,10.65,0.4469483557583372,0.1422957936774282,22,11,11,0.0,0.0526315789473684,0.1111067519545919,0.0712685734810131,4.0,3.0
4_3_SPEAKER_00,4,4,0,297,10098,120,2.475,0,3,11,0.65,10.65,0.4469483557583372,0.1422957936774282,22,11,11,0.0,0.0526315789473684,0.1111067519545919,0.0712685734810131,4.0,7.0
4_3_SPEAKER_00,4,4,0,297,10098,120,2.475,0,4,0,0.65,10.65,0.4469483557583372,0.1422957936774282,22,11,11,0.0,0.0526315789473684,0.1111067519545919,0.0712685734810131,4.0,4.0
4_3_SPEAKER_01,4,4,1,871,10098,120,7.258333333333334,1,0,0,0.65,10.65,0.4469483557583372,0.1422957936774282,135,68,67,0.25,0.1081081081081081,0.6706811306792893,0.2876214268974048,5.0,4.0
4_3_SPEAKER_01,4,4,1,871,10098,120,7.258333333333334,1,1,1,0.65,10.65,0.4469483557583372,0.1422957936774282,135,68,67,0.25,0.1081081081081081,0.6706811306792893,0.2876214268974048,5.0,3.0
4_3_SPEAKER_01,4,4,1,871,10098,120,7.258333333333334,1,2,1,0.65,10.65,0.4469483557583372,0.1422957936774282,135,68,67,0.25,0.1081081081081081,0.6706811306792893,0.2876214268974048,5.0,3.0
4_3_SPEAKER_01,4,4,1,871,10098,120,7.258333333333334,1,3,66,0.65,10.65,0.4469483557583372,0.1422957936774282,135,68,67,0.25,0.1081081081081081,0.6706811306792893,0.2876214268974048,5.0,7.0
4_3_SPEAKER_01,4,4,1,871,10098,120,7.258333333333334,1,4,0,0.65,10.65,0.4469483557583372,0.1422957936774282,135,68,67,0.25,0.1081081081081081,0.6706811306792893,0.2876214268974048,5.0,4.0
4_3_SPEAKER_02,4,4,2,285,10098,120,2.375,2,0,0,0.65,10.65,0.4469483557583372,0.1422957936774282,38,19,19,0.25,0.1,0.1661012429970201,0.1057600811179658,2.0,3.0
4_3_SPEAKER_02,4,4,2,285,10098,120,2.375,2,1,1,0.65,10.65,0.4469483557583372,0.1422957936774282,38,19,19,0.25,0.1,0.1661012429970201,0.1057600811179658,2.0,2.0
4_3_SPEAKER_02,4,4,2,285,10098,120,2.375,2,2,0,0.65,10.65,0.4469483557583372,0.1422957936774282,38,19,19,0.25,0.1,0.1661012429970201,0.1057600811179658,2.0,2.0
4_3_SPEAKER_02,4,4,2,285,10098,120,2.375,2,3,16,0.65,10.65,0.4469483557583372,0.1422957936774282,38,19,19,0.25,0.1,0.1661012429970201,0.1057600811179658,2.0,6.0
4_3_SPEAKER_02,4,4,2,285,10098,120,2.375,2,4,2,0.65,10.65,0.4469483557583372,0.1422957936774282,38,19,19,0.25,0.1,0.1661012429970201,0.1057600811179658,2.0,3.0
4_3_SPEAKER_03,4,4,3,8508,10098,120,70.9,3,0,11,0.65,10.65,0.4469483557583372,0.1422957936774282,205,102,103,0.5,0.0930232558139534,0.7048597546271727,0.4546185772910352,3.0,2.0
4_3_SPEAKER_03,4,4,3,8508,10098,120,70.9,3,1,66,0.65,10.65,0.4469483557583372,0.1422957936774282,205,102,103,0.5,0.0930232558139534,0.7048597546271727,0.4546185772910352,3.0,2.0
4_3_SPEAKER_03,4,4,3,8508,10098,120,70.9,3,2,15,0.65,10.65,0.4469483557583372,0.1422957936774282,205,102,103,0.5,0.0930232558139534,0.7048597546271727,0.4546185772910352,3.0,2.0
4_3_SPEAKER_03,4,4,3,8508,10098,120,70.9,3,3,1371,0.65,10.65,0.4469483557583372,0.1422957936774282,205,102,103,0.5,0.0930232558139534,0.7048597546271727,0.4546185772910352,3.0,5.0
4_3_SPEAKER_03,4,4,3,8508,10098,120,70.9,3,4,11,0.65,10.65,0.4469483557583372,0.1422957936774282,205,102,103,0.5,0.0930232558139534,0.7048597546271727,0.4546185772910352,3.0,2.0
4_3_SPEAKER_04,4,4,4,137,10098,120,1.1416666666666666,4,0,0,0.65,10.65,0.4469483557583372,0.1422957936774282,26,13,13,0.6666666666666666,0.1052631578947368,0.1158672257483441,0.080731341212581,3.0,5.0
4_3_SPEAKER_04,4,4,4,137,10098,120,1.1416666666666666,4,1,1,0.65,10.65,0.4469483557583372,0.1422957936774282,26,13,13,0.6666666666666666,0.1052631578947368,0.1158672257483441,0.080731341212581,3.0,3.0
4_3_SPEAKER_04,4,4,4,137,10098,120,1.1416666666666666,4,2,3,0.65,10.65,0.4469483557583372,0.1422957936774282,26,13,13,0.6666666666666666,0.1052631578947368,0.1158672257483441,0.080731341212581,3.0,3.0
4_3_SPEAKER_04,4,4,4,137,10098,120,1.1416666666666666,4,3,9,0.65,10.65,0.4469483557583372,0.1422957936774282,26,13,13,0.6666666666666666,0.1052631578947368,0.1158672257483441,0.080731341212581,3.0,7.0
4_3_SPEAKER_04,4,4,4,137,10098,120,1.1416666666666666,4,4,0,0.65,10.65,0.4469483557583372,0.1422957936774282,26,13,13,0.6666666666666666,0.1052631578947368,0.1158672257483441,0.080731341212581,3.0,4.0
4_4_SPEAKER_00,4,5,0,1331,9993,111,11.99099099099099,0,0,2,0.85,12.7,0.3700787394289789,0.2850888011815423,116,58,58,0.3333333333333333,0.1818181818181818,0.5591082298546393,0.2170564326530332,5.0,5.0
4_4_SPEAKER_00,4,5,0,1331,9993,111,11.99099099099099,0,1,5,0.85,12.7,0.3700787394289789,0.2850888011815423,116,58,58,0.3333333333333333,0.1818181818181818,0.5591082298546393,0.2170564326530332,5.0,5.0
4_4_SPEAKER_00,4,5,0,1331,9993,111,11.99099099099099,0,2,1,0.85,12.7,0.3700787394289789,0.2850888011815423,116,58,58,0.3333333333333333,0.1818181818181818,0.5591082298546393,0.2170564326530332,5.0,5.0
4_4_SPEAKER_00,4,5,0,1331,9993,111,11.99099099099099,0,3,49,0.85,12.7,0.3700787394289789,0.2850888011815423,116,58,58,0.3333333333333333,0.1818181818181818,0.5591082298546393,0.2170564326530332,5.0,7.0
4_4_SPEAKER_00,4,5,0,1331,9993,111,11.99099099099099,0,4,3,0.85,12.7,0.3700787394289789,0.2850888011815423,116,58,58,0.3333333333333333,0.1818181818181818,0.5591082298546393,0.2170564326530332,5.0,5.0
4_4_SPEAKER_01,4,5,1,812,9993,111,7.315315315315315,1,0,3,0.85,12.7,0.3700787394289789,0.2850888011815423,71,36,35,0.2083333333333333,0.1904761904761904,0.3392866003163726,0.1462404388474924,6.0,5.0
4_4_SPEAKER_01,4,5,1,812,9993,111,7.315315315315315,1,1,3,0.85,12.7,0.3700787394289789,0.2850888011815423,71,36,35,0.2083333333333333,0.1904761904761904,0.3392866003163726,0.1462404388474924,6.0,5.0
4_4_SPEAKER_01,4,5,1,812,9993,111,7.315315315315315,1,2,0,0.85,12.7,0.3700787394289789,0.2850888011815423,71,36,35,0.2083333333333333,0.1904761904761904,0.3392866003163726,0.1462404388474924,6.0,4.0
4_4_SPEAKER_01,4,5,1,812,9993,111,7.315315315315315,1,3,31,0.85,12.7,0.3700787394289789,0.2850888011815423,71,36,35,0.2083333333333333,0.1904761904761904,0.3392866003163726,0.1462404388474924,6.0,7.0
4_4_SPEAKER_01,4,5,1,812,9993,111,7.315315315315315,1,4,1,0.85,12.7,0.3700787394289789,0.2850888011815423,71,36,35,0.2083333333333333,0.1904761904761904,0.3392866003163726,0.1462404388474924,6.0,5.0
4_4_SPEAKER_02,4,5,2,339,9993,111,3.054054054054054,2,0,1,0.85,12.7,0.3700787394289789,0.2850888011815423,32,16,16,0.625,0.1739130434782608,0.1622519054485208,0.0807224189206813,5.0,0.0
4_4_SPEAKER_02,4,5,2,339,9993,111,3.054054054054054,2,1,1,0.85,12.7,0.3700787394289789,0.2850888011815423,32,16,16,0.625,0.1739130434782608,0.1622519054485208,0.0807224189206813,5.0,0.0
4_4_SPEAKER_02,4,5,2,339,9993,111,3.054054054054054,2,2,0,0.85,12.7,0.3700787394289789,0.2850888011815423,32,16,16,0.625,0.1739130434782608,0.1622519054485208,0.0807224189206813,5.0,4.0
4_4_SPEAKER_02,4,5,2,339,9993,111,3.054054054054054,2,3,14,0.85,12.7,0.3700787394289789,0.2850888011815423,32,16,16,0.625,0.1739130434782608,0.1622519054485208,0.0807224189206813,5.0,0.0
4_4_SPEAKER_02,4,5,2,339,9993,111,3.054054054054054,2,4,0,0.85,12.7,0.3700787394289789,0.2850888011815423,32,16,16,0.625,0.1739130434782608,0.1622519054485208,0.0807224189206813,5.0,0.0
4_4_SPEAKER_03,4,5,3,6816,9993,111,61.4054054054054,3,0,52,0.85,12.7,0.3700787394289789,0.2850888011815423,235,117,118,0.0,0.0625,0.6893309124751805,0.4399893437793152,5.0,5.0
4_4_SPEAKER_03,4,5,3,6816,9993,111,61.4054054054054,3,1,28,0.85,12.7,0.3700787394289789,0.2850888011815423,235,117,118,0.0,0.0625,0.6893309124751805,0.4399893437793152,5.0,4.0
4_4_SPEAKER_03,4,5,3,6816,9993,111,61.4054054054054,3,2,15,0.85,12.7,0.3700787394289789,0.2850888011815423,235,117,118,0.0,0.0625,0.6893309124751805,0.4399893437793152,5.0,4.0
4_4_SPEAKER_03,4,5,3,6816,9993,111,61.4054054054054,3,3,44,0.85,12.7,0.3700787394289789,0.2850888011815423,235,117,118,0.0,0.0625,0.6893309124751805,0.4399893437793152,5.0,8.0
4_4_SPEAKER_03,4,5,3,6816,9993,111,61.4054054054054,3,4,23,0.85,12.7,0.3700787394289789,0.2850888011815423,235,117,118,0.0,0.0625,0.6893309124751805,0.4399893437793152,5.0,5.0
4_4_SPEAKER_04,4,5,4,695,9993,111,6.261261261261262,4,0,2,0.85,12.7,0.3700787394289789,0.2850888011815423,54,27,27,0.125,0.1739130434782608,0.2660447376646065,0.1159913657994778,5.0,6.0
4_4_SPEAKER_04,4,5,4,695,9993,111,6.261261261261262,4,1,2,0.85,12.7,0.3700787394289789,0.2850888011815423,54,27,27,0.125,0.1739130434782608,0.2660447376646065,0.1159913657994778,5.0,5.0
4_4_SPEAKER_04,4,5,4,695,9993,111,6.261261261261262,4,2,0,0.85,12.7,0.3700787394289789,0.2850888011815423,54,27,27,0.125,0.1739130434782608,0.2660447376646065,0.1159913657994778,5.0,4.0
4_4_SPEAKER_04,4,5,4,695,9993,111,6.261261261261262,4,3,23,0.85,12.7,0.3700787394289789,0.2850888011815423,54,27,27,0.125,0.1739130434782608,0.2660447376646065,0.1159913657994778,5.0,7.0
4_4_SPEAKER_04,4,5,4,695,9993,111,6.261261261261262,4,4,3,0.85,12.7,0.3700787394289789,0.2850888011815423,54,27,27,0.125,0.1739130434782608,0.2660447376646065,0.1159913657994778,5.0,5.0
4_5_SPEAKER_00,4,6,0,979,8336,87,11.25287356321839,0,0,1,0.9,7.75,0.3251612892736732,0.3590459764118816,70,35,35,0.0,0.2857142857142857,0.5620649634876494,0.2158372188875698,5.0,3.0
4_5_SPEAKER_00,4,6,0,979,8336,87,11.25287356321839,0,1,2,0.9,7.75,0.3251612892736732,0.3590459764118816,70,35,35,0.0,0.2857142857142857,0.5620649634876494,0.2158372188875698,5.0,4.0
4_5_SPEAKER_00,4,6,0,979,8336,87,11.25287356321839,0,2,2,0.9,7.75,0.3251612892736732,0.3590459764118816,70,35,35,0.0,0.2857142857142857,0.5620649634876494,0.2158372188875698,5.0,4.0
4_5_SPEAKER_00,4,6,0,979,8336,87,11.25287356321839,0,3,27,0.9,7.75,0.3251612892736732,0.3590459764118816,70,35,35,0.0,0.2857142857142857,0.5620649634876494,0.2158372188875698,5.0,7.0
4_5_SPEAKER_00,4,6,0,979,8336,87,11.25287356321839,0,4,4,0.9,7.75,0.3251612892736732,0.3590459764118816,70,35,35,0.0,0.2857142857142857,0.5620649634876494,0.2158372188875698,5.0,5.0
4_5_SPEAKER_01,4,6,1,506,8336,87,5.816091954022989,1,0,1,0.9,7.75,0.3251612892736732,0.3590459764118816,26,13,13,0.6666666666666666,0.3333333333333333,0.181250781986452,0.1002298911786329,6.0,5.0
4_5_SPEAKER_01,4,6,1,506,8336,87,5.816091954022989,1,1,2,0.9,7.75,0.3251612892736732,0.3590459764118816,26,13,13,0.6666666666666666,0.3333333333333333,0.181250781986452,0.1002298911786329,6.0,5.0
4_5_SPEAKER_01,4,6,1,506,8336,87,5.816091954022989,1,2,1,0.9,7.75,0.3251612892736732,0.3590459764118816,26,13,13,0.6666666666666666,0.3333333333333333,0.181250781986452,0.1002298911786329,6.0,5.0
4_5_SPEAKER_01,4,6,1,506,8336,87,5.816091954022989,1,3,11,0.9,7.75,0.3251612892736732,0.3590459764118816,26,13,13,0.6666666666666666,0.3333333333333333,0.181250781986452,0.1002298911786329,6.0,8.0
4_5_SPEAKER_01,4,6,1,506,8336,87,5.816091954022989,1,4,0,0.9,7.75,0.3251612892736732,0.3590459764118816,26,13,13,0.6666666666666666,0.3333333333333333,0.181250781986452,0.1002298911786329,6.0,6.0
4_5_SPEAKER_02,4,6,2,414,8336,87,4.758620689655173,2,0,0,0.9,7.75,0.3251612892736732,0.3590459764118816,40,20,20,0.25,0.3333333333333333,0.3166949982449136,0.1363846521331427,3.0,0.0
4_5_SPEAKER_02,4,6,2,414,8336,87,4.758620689655173,2,1,3,0.9,7.75,0.3251612892736732,0.3590459764118816,40,20,20,0.25,0.3333333333333333,0.3166949982449136,0.1363846521331427,3.0,0.0
4_5_SPEAKER_02,4,6,2,414,8336,87,4.758620689655173,2,2,0,0.9,7.75,0.3251612892736732,0.3590459764118816,40,20,20,0.25,0.3333333333333333,0.3166949982449136,0.1363846521331427,3.0,3.0
4_5_SPEAKER_02,4,6,2,414,8336,87,4.758620689655173,2,3,16,0.9,7.75,0.3251612892736732,0.3590459764118816,40,20,20,0.25,0.3333333333333333,0.3166949982449136,0.1363846521331427,3.0,0.0
4_5_SPEAKER_02,4,6,2,414,8336,87,4.758620689655173,2,4,1,0.9,7.75,0.3251612892736732,0.3590459764118816,40,20,20,0.25,0.3333333333333333,0.3166949982449136,0.1363846521331427,3.0,0.0
4_5_SPEAKER_03,4,6,3,6068,8336,87,69.74712643678161,3,0,31,0.9,7.75,0.3251612892736732,0.3590459764118816,136,68,68,0.0,0.0816326530612244,0.6759997734637366,0.4176890345515616,2.0,3.0
4_5_SPEAKER_03,4,6,3,6068,8336,87,69.74712643678161,3,1,7,0.9,7.75,0.3251612892736732,0.3590459764118816,136,68,68,0.0,0.0816326530612244,0.6759997734637366,0.4176890345515616,2.0,5.0
4_5_SPEAKER_03,4,6,3,6068,8336,87,69.74712643678161,3,2,16,0.9,7.75,0.3251612892736732,0.3590459764118816,136,68,68,0.0,0.0816326530612244,0.6759997734637366,0.4176890345515616,2.0,4.0
4_5_SPEAKER_03,4,6,3,6068,8336,87,69.74712643678161,3,3,38,0.9,7.75,0.3251612892736732,0.3590459764118816,136,68,68,0.0,0.0816326530612244,0.6759997734637366,0.4176890345515616,2.0,7.0
4_5_SPEAKER_03,4,6,3,6068,8336,87,69.74712643678161,3,4,14,0.9,7.75,0.3251612892736732,0.3590459764118816,136,68,68,0.0,0.0816326530612244,0.6759997734637366,0.4176890345515616,2.0,5.0
4_5_SPEAKER_04,4,6,4,369,8336,87,4.241379310344827,4,0,3,0.9,7.75,0.3251612892736732,0.3590459764118816,38,19,19,0.25,0.2666666666666666,0.306528490050367,0.1298592032490928,4.0,6.0
4_5_SPEAKER_04,4,6,4,369,8336,87,4.241379310344827,4,1,1,0.9,7.75,0.3251612892736732,0.3590459764118816,38,19,19,0.25,0.2666666666666666,0.306528490050367,0.1298592032490928,4.0,5.0
4_5_SPEAKER_04,4,6,4,369,8336,87,4.241379310344827,4,2,1,0.9,7.75,0.3251612892736732,0.3590459764118816,38,19,19,0.25,0.2666666666666666,0.306528490050367,0.1298592032490928,4.0,5.0
4_5_SPEAKER_04,4,6,4,369,8336,87,4.241379310344827,4,3,14,0.9,7.75,0.3251612892736732,0.3590459764118816,38,19,19,0.25,0.2666666666666666,0.306528490050367,0.1298592032490928,4.0,8.0
4_5_SPEAKER_04,4,6,4,369,8336,87,4.241379310344827,4,4,1,0.9,7.75,0.3251612892736732,0.3590459764118816,38,19,19,0.25,0.2666666666666666,0.306528490050367,0.1298592032490928,4.0,5.0
4_6_SPEAKER_00,4,7,0,175,8965,106,1.650943396226415,0,0,9,0.8,11.3,0.2920353975839924,0.3895408700957772,44,22,22,0.8333333333333333,0.1538461538461538,0.2521582168937836,0.1097688709847292,4.0,3.0
4_6_SPEAKER_00,4,7,0,175,8965,106,1.650943396226415,0,1,3,0.8,11.3,0.2920353975839924,0.3895408700957772,44,22,22,0.8333333333333333,0.1538461538461538,0.2521582168937836,0.1097688709847292,4.0,5.0
4_6_SPEAKER_00,4,7,0,175,8965,106,1.650943396226415,0,2,0,0.8,11.3,0.2920353975839924,0.3895408700957772,44,22,22,0.8333333333333333,0.1538461538461538,0.2521582168937836,0.1097688709847292,4.0,5.0
4_6_SPEAKER_00,4,7,0,175,8965,106,1.650943396226415,0,3,16,0.8,11.3,0.2920353975839924,0.3895408700957772,44,22,22,0.8333333333333333,0.1538461538461538,0.2521582168937836,0.1097688709847292,4.0,8.0
4_6_SPEAKER_00,4,7,0,175,8965,106,1.650943396226415,0,4,3,0.8,11.3,0.2920353975839924,0.3895408700957772,44,22,22,0.8333333333333333,0.1538461538461538,0.2521582168937836,0.1097688709847292,4.0,3.0
4_6_SPEAKER_01,4,7,1,371,8965,106,3.5,1,0,2,0.8,11.3,0.2920353975839924,0.3895408700957772,72,36,36,0.5,0.1290322580645161,0.3816494131113557,0.1628923397639326,5.0,5.0
4_6_SPEAKER_01,4,7,1,371,8965,106,3.5,1,1,7,0.8,11.3,0.2920353975839924,0.3895408700957772,72,36,36,0.5,0.1290322580645161,0.3816494131113557,0.1628923397639326,5.0,5.0
4_6_SPEAKER_01,4,7,1,371,8965,106,3.5,1,2,1,0.8,11.3,0.2920353975839924,0.3895408700957772,72,36,36,0.5,0.1290322580645161,0.3816494131113557,0.1628923397639326,5.0,6.0
4_6_SPEAKER_01,4,7,1,371,8965,106,3.5,1,3,27,0.8,11.3,0.2920353975839924,0.3895408700957772,72,36,36,0.5,0.1290322580645161,0.3816494131113557,0.1628923397639326,5.0,8.0
4_6_SPEAKER_01,4,7,1,371,8965,106,3.5,1,4,6,0.8,11.3,0.2920353975839924,0.3895408700957772,72,36,36,0.5,0.1290322580645161,0.3816494131113557,0.1628923397639326,5.0,4.0
4_6_SPEAKER_02,4,7,2,186,8965,106,1.7547169811320755,2,0,0,0.8,11.3,0.2920353975839924,0.3895408700957772,58,29,29,0.0,0.1212121212121212,0.3586013649066727,0.1340080127686852,5.0,0.0
4_6_SPEAKER_02,4,7,2,186,8965,106,1.7547169811320755,2,1,2,0.8,11.3,0.2920353975839924,0.3895408700957772,58,29,29,0.0,0.1212121212121212,0.3586013649066727,0.1340080127686852,5.0,0.0
4_6_SPEAKER_02,4,7,2,186,8965,106,1.7547169811320755,2,2,2,0.8,11.3,0.2920353975839924,0.3895408700957772,58,29,29,0.0,0.1212121212121212,0.3586013649066727,0.1340080127686852,5.0,5.0
4_6_SPEAKER_02,4,7,2,186,8965,106,1.7547169811320755,2,3,27,0.8,11.3,0.2920353975839924,0.3895408700957772,58,29,29,0.0,0.1212121212121212,0.3586013649066727,0.1340080127686852,5.0,0.0
4_6_SPEAKER_02,4,7,2,186,8965,106,1.7547169811320755,2,4,0,0.8,11.3,0.2920353975839924,0.3895408700957772,58,29,29,0.0,0.1212121212121212,0.3586013649066727,0.1340080127686852,5.0,0.0
4_6_SPEAKER_03,4,7,3,7634,8965,106,72.01886792452831,3,0,17,0.8,11.3,0.2920353975839924,0.3895408700957772,198,99,99,0.0,0.0547945205479452,0.6810179847004041,0.4166376601236483,3.0,4.0
4_6_SPEAKER_03,4,7,3,7634,8965,106,72.01886792452831,3,1,23,0.8,11.3,0.2920353975839924,0.3895408700957772,198,99,99,0.0,0.0547945205479452,0.6810179847004041,0.4166376601236483,3.0,5.0
4_6_SPEAKER_03,4,7,3,7634,8965,106,72.01886792452831,3,2,28,0.8,11.3,0.2920353975839924,0.3895408700957772,198,99,99,0.0,0.0547945205479452,0.6810179847004041,0.4166376601236483,3.0,3.0
4_6_SPEAKER_03,4,7,3,7634,8965,106,72.01886792452831,3,3,1132,0.8,11.3,0.2920353975839924,0.3895408700957772,198,99,99,0.0,0.0547945205479452,0.6810179847004041,0.4166376601236483,3.0,8.0
4_6_SPEAKER_03,4,7,3,7634,8965,106,72.01886792452831,3,4,31,0.8,11.3,0.2920353975839924,0.3895408700957772,198,99,99,0.0,0.0547945205479452,0.6810179847004041,0.4166376601236483,3.0,6.0
4_6_SPEAKER_04,4,7,4,599,8965,106,5.650943396226415,4,0,3,0.8,11.3,0.2920353975839924,0.3895408700957772,80,40,40,0.0,0.1142857142857142,0.4453981642602232,0.1766931163590049,4.0,4.0
4_6_SPEAKER_04,4,7,4,599,8965,106,5.650943396226415,4,1,8,0.8,11.3,0.2920353975839924,0.3895408700957772,80,40,40,0.0,0.1142857142857142,0.4453981642602232,0.1766931163590049,4.0,6.0
4_6_SPEAKER_04,4,7,4,599,8965,106,5.650943396226415,4,2,0,0.8,11.3,0.2920353975839924,0.3895408700957772,80,40,40,0.0,0.1142857142857142,0.4453981642602232,0.1766931163590049,4.0,5.0
4_6_SPEAKER_04,4,7,4,599,8965,106,5.650943396226415,4,3,29,0.8,11.3,0.2920353975839924,0.3895408700957772,80,40,40,0.0,0.1142857142857142,0.4453981642602232,0.1766931163590049,4.0,8.0
4_6_SPEAKER_04,4,7,4,599,8965,106,5.650943396226415,4,4,79,0.8,11.3,0.2920353975839924,0.3895408700957772,80,40,40,0.0,0.1142857142857142,0.4453981642602232,0.1766931163590049,4.0,2.0
4_7_SPEAKER_00,4,8,0,2472,12731,136,18.176470588235293,0,0,6,1.0,35.8,0.3189944131850598,0.4166858016903522,448,224,224,0.0,0.0465116279069767,0.62125855430254,0.2951107531328256,6.0,5.0
4_7_SPEAKER_00,4,8,0,2472,12731,136,18.176470588235293,0,1,44,1.0,35.8,0.3189944131850598,0.4166858016903522,448,224,224,0.0,0.0465116279069767,0.62125855430254,0.2951107531328256,6.0,6.0
4_7_SPEAKER_00,4,8,0,2472,12731,136,18.176470588235293,0,2,19,1.0,35.8,0.3189944131850598,0.4166858016903522,448,224,224,0.0,0.0465116279069767,0.62125855430254,0.2951107531328256,6.0,6.0
4_7_SPEAKER_00,4,8,0,2472,12731,136,18.176470588235293,0,3,148,1.0,35.8,0.3189944131850598,0.4166858016903522,448,224,224,0.0,0.0465116279069767,0.62125855430254,0.2951107531328256,6.0,8.0
4_7_SPEAKER_00,4,8,0,2472,12731,136,18.176470588235293,0,4,13,1.0,35.8,0.3189944131850598,0.4166858016903522,448,224,224,0.0,0.0465116279069767,0.62125855430254,0.2951107531328256,6.0,6.0
4_7_SPEAKER_01,4,8,1,1139,12731,136,8.375,1,0,44,1.0,35.8,0.3189944131850598,0.4166858016903522,270,135,135,0.0,0.054054054054054,0.3923480359275196,0.1895403973332668,7.0,6.0
4_7_SPEAKER_01,4,8,1,1139,12731,136,8.375,1,1,0,1.0,35.8,0.3189944131850598,0.4166858016903522,270,135,135,0.0,0.054054054054054,0.3923480359275196,0.1895403973332668,7.0,6.0
4_7_SPEAKER_01,4,8,1,1139,12731,136,8.375,1,2,14,1.0,35.8,0.3189944131850598,0.4166858016903522,270,135,135,0.0,0.054054054054054,0.3923480359275196,0.1895403973332668,7.0,6.0
4_7_SPEAKER_01,4,8,1,1139,12731,136,8.375,1,3,66,1.0,35.8,0.3189944131850598,0.4166858016903522,270,135,135,0.0,0.054054054054054,0.3923480359275196,0.1895403973332668,7.0,8.0
4_7_SPEAKER_01,4,8,1,1139,12731,136,8.375,1,4,11,1.0,35.8,0.3189944131850598,0.4166858016903522,270,135,135,0.0,0.054054054054054,0.3923480359275196,0.1895403973332668,7.0,6.0
4_7_SPEAKER_02,4,8,2,478,12731,136,3.514705882352941,2,0,19,1.0,35.8,0.3189944131850598,0.4166858016903522,106,53,53,0.3333333333333333,0.0769230769230769,0.1456296857964246,0.092251569186669,7.0,0.0
4_7_SPEAKER_02,4,8,2,478,12731,136,3.514705882352941,2,1,11,1.0,35.8,0.3189944131850598,0.4166858016903522,106,53,53,0.3333333333333333,0.0769230769230769,0.1456296857964246,0.092251569186669,7.0,0.0
4_7_SPEAKER_02,4,8,2,478,12731,136,3.514705882352941,2,2,0,1.0,35.8,0.3189944131850598,0.4166858016903522,106,53,53,0.3333333333333333,0.0769230769230769,0.1456296857964246,0.092251569186669,7.0,6.0
4_7_SPEAKER_02,4,8,2,478,12731,136,3.514705882352941,2,3,15,1.0,35.8,0.3189944131850598,0.4166858016903522,106,53,53,0.3333333333333333,0.0769230769230769,0.1456296857964246,0.092251569186669,7.0,0.0
4_7_SPEAKER_02,4,8,2,478,12731,136,3.514705882352941,2,4,8,1.0,35.8,0.3189944131850598,0.4166858016903522,106,53,53,0.3333333333333333,0.0769230769230769,0.1456296857964246,0.092251569186669,7.0,0.0
4_7_SPEAKER_03,4,8,3,8029,12731,136,59.03676470588236,3,0,149,1.0,35.8,0.3189944131850598,0.4166858016903522,504,252,252,0.0,0.0412371134020618,0.6476719102441283,0.3312309115926408,6.0,6.0
4_7_SPEAKER_03,4,8,3,8029,12731,136,59.03676470588236,3,1,68,1.0,35.8,0.3189944131850598,0.4166858016903522,504,252,252,0.0,0.0412371134020618,0.6476719102441283,0.3312309115926408,6.0,6.0
4_7_SPEAKER_03,4,8,3,8029,12731,136,59.03676470588236,3,2,15,1.0,35.8,0.3189944131850598,0.4166858016903522,504,252,252,0.0,0.0412371134020618,0.6476719102441283,0.3312309115926408,6.0,3.0
4_7_SPEAKER_03,4,8,3,8029,12731,136,59.03676470588236,3,3,19,1.0,35.8,0.3189944131850598,0.4166858016903522,504,252,252,0.0,0.0412371134020618,0.6476719102441283,0.3312309115926408,6.0,9.0
4_7_SPEAKER_03,4,8,3,8029,12731,136,59.03676470588236,3,4,20,1.0,35.8,0.3189944131850598,0.4166858016903522,504,252,252,0.0,0.0412371134020618,0.6476719102441283,0.3312309115926408,6.0,8.0
4_7_SPEAKER_04,4,8,4,613,12731,136,4.507352941176471,4,0,12,1.0,35.8,0.3189944131850598,0.4166858016903522,104,52,52,0.4166666666666666,0.0769230769230769,0.1393338390531613,0.091866368754598,6.0,8.0
4_7_SPEAKER_04,4,8,4,613,12731,136,4.507352941176471,4,1,12,1.0,35.8,0.3189944131850598,0.4166858016903522,104,52,52,0.4166666666666666,0.0769230769230769,0.1393338390531613,0.091866368754598,6.0,7.0
4_7_SPEAKER_04,4,8,4,613,12731,136,4.507352941176471,4,2,5,1.0,35.8,0.3189944131850598,0.4166858016903522,104,52,52,0.4166666666666666,0.0769230769230769,0.1393338390531613,0.091866368754598,6.0,6.0
4_7_SPEAKER_04,4,8,4,613,12731,136,4.507352941176471,4,3,23,1.0,35.8,0.3189944131850598,0.4166858016903522,104,52,52,0.4166666666666666,0.0769230769230769,0.1393338390531613,0.091866368754598,6.0,8.0
4_7_SPEAKER_04,4,8,4,613,12731,136,4.507352941176471,4,4,1,1.0,35.8,0.3189944131850598,0.4166858016903522,104,52,52,0.4166666666666666,0.0769230769230769,0.1393338390531613,0.091866368754598,6.0,7.0
4_8_SPEAKER_00,4,9,0,3984,16882,180,22.133333333333333,0,0,7,1.0,64.8,0.283024691248833,0.4791500917132141,735,367,368,0.0,0.0701754385964912,0.5695775819166942,0.2721052586930166,8.0,7.0
4_8_SPEAKER_00,4,9,0,3984,16882,180,22.133333333333333,0,1,95,1.0,64.8,0.283024691248833,0.4791500917132141,735,367,368,0.0,0.0701754385964912,0.5695775819166942,0.2721052586930166,8.0,7.0
4_8_SPEAKER_00,4,9,0,3984,16882,180,22.133333333333333,0,2,11,1.0,64.8,0.283024691248833,0.4791500917132141,735,367,368,0.0,0.0701754385964912,0.5695775819166942,0.2721052586930166,8.0,6.0
4_8_SPEAKER_00,4,9,0,3984,16882,180,22.133333333333333,0,3,195,1.0,64.8,0.283024691248833,0.4791500917132141,735,367,368,0.0,0.0701754385964912,0.5695775819166942,0.2721052586930166,8.0,9.0
4_8_SPEAKER_00,4,9,0,3984,16882,180,22.133333333333333,0,4,67,1.0,64.8,0.283024691248833,0.4791500917132141,735,367,368,0.0,0.0701754385964912,0.5695775819166942,0.2721052586930166,8.0,7.0
4_8_SPEAKER_01,4,9,1,1632,16882,180,9.066666666666666,1,0,88,1.0,64.8,0.283024691248833,0.4791500917132141,508,254,254,0.0,0.0975609756097561,0.4132790112451594,0.1946531401814928,8.0,7.0
4_8_SPEAKER_01,4,9,1,1632,16882,180,9.066666666666666,1,1,0,1.0,64.8,0.283024691248833,0.4791500917132141,508,254,254,0.0,0.0975609756097561,0.4132790112451594,0.1946531401814928,8.0,7.0
4_8_SPEAKER_01,4,9,1,1632,16882,180,9.066666666666666,1,2,3,1.0,64.8,0.283024691248833,0.4791500917132141,508,254,254,0.0,0.0975609756097561,0.4132790112451594,0.1946531401814928,8.0,6.0
4_8_SPEAKER_01,4,9,1,1632,16882,180,9.066666666666666,1,3,104,1.0,64.8,0.283024691248833,0.4791500917132141,508,254,254,0.0,0.0975609756097561,0.4132790112451594,0.1946531401814928,8.0,8.0
4_8_SPEAKER_01,4,9,1,1632,16882,180,9.066666666666666,1,4,59,1.0,64.8,0.283024691248833,0.4791500917132141,508,254,254,0.0,0.0975609756097561,0.4132790112451594,0.1946531401814928,8.0,7.0
4_8_SPEAKER_02,4,9,2,170,16882,180,0.9444444444444444,2,0,10,1.0,64.8,0.283024691248833,0.4791500917132141,56,28,28,1.0,0.1428571428571428,0.046874954991912,0.0477276345823431,6.0,0.0
4_8_SPEAKER_02,4,9,2,170,16882,180,0.9444444444444444,2,1,4,1.0,64.8,0.283024691248833,0.4791500917132141,56,28,28,1.0,0.1428571428571428,0.046874954991912,0.0477276345823431,6.0,0.0
4_8_SPEAKER_02,4,9,2,170,16882,180,0.9444444444444444,2,2,0,1.0,64.8,0.283024691248833,0.4791500917132141,56,28,28,1.0,0.1428571428571428,0.046874954991912,0.0477276345823431,6.0,4.0
4_8_SPEAKER_02,4,9,2,170,16882,180,0.9444444444444444,2,3,9,1.0,64.8,0.283024691248833,0.4791500917132141,56,28,28,1.0,0.1428571428571428,0.046874954991912,0.0477276345823431,6.0,0.0
4_8_SPEAKER_02,4,9,2,170,16882,180,0.9444444444444444,2,4,5,1.0,64.8,0.283024691248833,0.4791500917132141,56,28,28,1.0,0.1428571428571428,0.046874954991912,0.0477276345823431,6.0,0.0
4_8_SPEAKER_03,4,9,3,9144,16882,180,50.8,3,0,210,1.0,64.8,0.283024691248833,0.4791500917132141,834,417,417,0.0,0.0754716981132075,0.601006624359431,0.3059809795487872,7.0,7.0
4_8_SPEAKER_03,4,9,3,9144,16882,180,50.8,3,1,97,1.0,64.8,0.283024691248833,0.4791500917132141,834,417,417,0.0,0.0754716981132075,0.601006624359431,0.3059809795487872,7.0,6.0
4_8_SPEAKER_03,4,9,3,9144,16882,180,50.8,3,2,11,1.0,64.8,0.283024691248833,0.4791500917132141,834,417,417,0.0,0.0754716981132075,0.601006624359431,0.3059809795487872,7.0,3.0
4_8_SPEAKER_03,4,9,3,9144,16882,180,50.8,3,3,19,1.0,64.8,0.283024691248833,0.4791500917132141,834,417,417,0.0,0.0754716981132075,0.601006624359431,0.3059809795487872,7.0,10.0
4_8_SPEAKER_03,4,9,3,9144,16882,180,50.8,3,4,99,1.0,64.8,0.283024691248833,0.4791500917132141,834,417,417,0.0,0.0754716981132075,0.601006624359431,0.3059809795487872,7.0,8.0
4_8_SPEAKER_04,4,9,4,1952,16882,180,10.844444444444443,4,0,59,1.0,64.8,0.283024691248833,0.4791500917132141,459,230,229,0.0,0.0888888888888888,0.3759994855219125,0.1795329869943601,7.0,8.0
4_8_SPEAKER_04,4,9,4,1952,16882,180,10.844444444444443,4,1,58,1.0,64.8,0.283024691248833,0.4791500917132141,459,230,229,0.0,0.0888888888888888,0.3759994855219125,0.1795329869943601,7.0,7.0
4_8_SPEAKER_04,4,9,4,1952,16882,180,10.844444444444443,4,2,3,1.0,64.8,0.283024691248833,0.4791500917132141,459,230,229,0.0,0.0888888888888888,0.3759994855219125,0.1795329869943601,7.0,6.0
4_8_SPEAKER_04,4,9,4,1952,16882,180,10.844444444444443,4,3,109,1.0,64.8,0.283024691248833,0.4791500917132141,459,230,229,0.0,0.0888888888888888,0.3759994855219125,0.1795329869943601,7.0,9.0
4_8_SPEAKER_04,4,9,4,1952,16882,180,10.844444444444443,4,4,3,1.0,64.8,0.283024691248833,0.4791500917132141,459,230,229,0.0,0.0888888888888888,0.3759994855219125,0.1795329869943601,7.0,7.0
4_9_SPEAKER_00,4,10,0,2824,15725,164,17.21951219512195,0,0,6,0.95,33.85,0.3220088623914262,0.4205567783354829,383,192,191,0.0,0.0555555555555555,0.5865667053572807,0.271562902932919,8.0,6.0
4_9_SPEAKER_00,4,10,0,2824,15725,164,17.21951219512195,0,1,39,0.95,33.85,0.3220088623914262,0.4205567783354829,383,192,191,0.0,0.0555555555555555,0.5865667053572807,0.271562902932919,8.0,6.0
4_9_SPEAKER_00,4,10,0,2824,15725,164,17.21951219512195,0,2,8,0.95,33.85,0.3220088623914262,0.4205567783354829,383,192,191,0.0,0.0555555555555555,0.5865667053572807,0.271562902932919,8.0,5.0
4_9_SPEAKER_00,4,10,0,2824,15725,164,17.21951219512195,0,3,119,0.95,33.85,0.3220088623914262,0.4205567783354829,383,192,191,0.0,0.0555555555555555,0.5865667053572807,0.271562902932919,8.0,8.0
4_9_SPEAKER_00,4,10,0,2824,15725,164,17.21951219512195,0,4,25,0.95,33.85,0.3220088623914262,0.4205567783354829,383,192,191,0.0,0.0555555555555555,0.5865667053572807,0.271562902932919,8.0,6.0
4_9_SPEAKER_01,4,10,1,1624,15725,164,9.902439024390244,1,0,32,0.95,33.85,0.3220088623914262,0.4205567783354829,214,107,107,0.0,0.0481927710843373,0.3614369257597202,0.1597661908856345,8.0,7.0
4_9_SPEAKER_01,4,10,1,1624,15725,164,9.902439024390244,1,1,2,0.95,33.85,0.3220088623914262,0.4205567783354829,214,107,107,0.0,0.0481927710843373,0.3614369257597202,0.1597661908856345,8.0,6.0
4_9_SPEAKER_01,4,10,1,1624,15725,164,9.902439024390244,1,2,4,0.95,33.85,0.3220088623914262,0.4205567783354829,214,107,107,0.0,0.0481927710843373,0.3614369257597202,0.1597661908856345,8.0,6.0
4_9_SPEAKER_01,4,10,1,1624,15725,164,9.902439024390244,1,3,62,0.95,33.85,0.3220088623914262,0.4205567783354829,214,107,107,0.0,0.0481927710843373,0.3614369257597202,0.1597661908856345,8.0,7.0
4_9_SPEAKER_01,4,10,1,1624,15725,164,9.902439024390244,1,4,9,0.95,33.85,0.3220088623914262,0.4205567783354829,214,107,107,0.0,0.0481927710843373,0.3614369257597202,0.1597661908856345,8.0,7.0
4_9_SPEAKER_02,4,10,2,398,15725,164,2.426829268292683,2,0,12,0.95,33.85,0.3220088623914262,0.4205567783354829,64,32,32,0.9166666666666666,0.125,0.1044661061082111,0.0689498017632562,0.0,0.0
4_9_SPEAKER_02,4,10,2,398,15725,164,2.426829268292683,2,1,0,0.95,33.85,0.3220088623914262,0.4205567783354829,64,32,32,0.9166666666666666,0.125,0.1044661061082111,0.0689498017632562,0.0,0.0
4_9_SPEAKER_02,4,10,2,398,15725,164,2.426829268292683,2,2,0,0.95,33.85,0.3220088623914262,0.4205567783354829,64,32,32,0.9166666666666666,0.125,0.1044661061082111,0.0689498017632562,0.0,0.0
4_9_SPEAKER_02,4,10,2,398,15725,164,2.426829268292683,2,3,18,0.95,33.85,0.3220088623914262,0.4205567783354829,64,32,32,0.9166666666666666,0.125,0.1044661061082111,0.0689498017632562,0.0,0.0
4_9_SPEAKER_02,4,10,2,398,15725,164,2.426829268292683,2,4,2,0.95,33.85,0.3220088623914262,0.4205567783354829,64,32,32,0.9166666666666666,0.125,0.1044661061082111,0.0689498017632562,0.0,0.0
4_9_SPEAKER_03,4,10,3,9580,15725,164,58.41463414634146,3,0,127,0.95,33.85,0.3220088623914262,0.4205567783354829,509,254,255,0.0,0.0459770114942528,0.6448064764009964,0.3576595112857857,7.0,6.0
4_9_SPEAKER_03,4,10,3,9580,15725,164,58.41463414634146,3,1,55,0.95,33.85,0.3220088623914262,0.4205567783354829,509,254,255,0.0,0.0459770114942528,0.6448064764009964,0.3576595112857857,7.0,5.0
4_9_SPEAKER_03,4,10,3,9580,15725,164,58.41463414634146,3,2,17,0.95,33.85,0.3220088623914262,0.4205567783354829,509,254,255,0.0,0.0459770114942528,0.6448064764009964,0.3576595112857857,7.0,4.0
4_9_SPEAKER_03,4,10,3,9580,15725,164,58.41463414634146,3,3,30,0.95,33.85,0.3220088623914262,0.4205567783354829,509,254,255,0.0,0.0459770114942528,0.6448064764009964,0.3576595112857857,7.0,9.0
4_9_SPEAKER_03,4,10,3,9580,15725,164,58.41463414634146,3,4,56,0.95,33.85,0.3220088623914262,0.4205567783354829,509,254,255,0.0,0.0459770114942528,0.6448064764009964,0.3576595112857857,7.0,7.0
4_9_SPEAKER_04,4,10,4,1299,15725,164,7.920731707317073,4,0,21,0.95,33.85,0.3220088623914262,0.4205567783354829,184,92,92,0.25,0.1081081081081081,0.3140291221042832,0.1420615931324046,8.0,9.0
4_9_SPEAKER_04,4,10,4,1299,15725,164,7.920731707317073,4,1,13,0.95,33.85,0.3220088623914262,0.4205567783354829,184,92,92,0.25,0.1081081081081081,0.3140291221042832,0.1420615931324046,8.0,6.0
4_9_SPEAKER_04,4,10,4,1299,15725,164,7.920731707317073,4,2,3,0.95,33.85,0.3220088623914262,0.4205567783354829,184,92,92,0.25,0.1081081081081081,0.3140291221042832,0.1420615931324046,8.0,6.0
4_9_SPEAKER_04,4,10,4,1299,15725,164,7.920731707317073,4,3,55,0.95,33.85,0.3220088623914262,0.4205567783354829,184,92,92,0.25,0.1081081081081081,0.3140291221042832,0.1420615931324046,8.0,9.0
4_9_SPEAKER_04,4,10,4,1299,15725,164,7.920731707317073,4,4,2,0.95,33.85,0.3220088623914262,0.4205567783354829,184,92,92,0.25,0.1081081081081081,0.3140291221042832,0.1420615931324046,8.0,7.0
4_10_SPEAKER_00,4,11,0,4371,17883,163,26.8159509202454,0,0,1,1.0,45.65,0.3601314346330058,0.3202349496863507,658,329,329,0.0,0.032520325203252,0.6621042669131578,0.3388856101379434,,-1.0
4_10_SPEAKER_00,4,11,0,4371,17883,163,26.8159509202454,0,1,29,1.0,45.65,0.3601314346330058,0.3202349496863507,658,329,329,0.0,0.032520325203252,0.6621042669131578,0.3388856101379434,,-1.0
4_10_SPEAKER_00,4,11,0,4371,17883,163,26.8159509202454,0,2,20,1.0,45.65,0.3601314346330058,0.3202349496863507,658,329,329,0.0,0.032520325203252,0.6621042669131578,0.3388856101379434,,-1.0
4_10_SPEAKER_00,4,11,0,4371,17883,163,26.8159509202454,0,3,230,1.0,45.65,0.3601314346330058,0.3202349496863507,658,329,329,0.0,0.032520325203252,0.6621042669131578,0.3388856101379434,,-1.0
4_10_SPEAKER_00,4,11,0,4371,17883,163,26.8159509202454,0,4,50,1.0,45.65,0.3601314346330058,0.3202349496863507,658,329,329,0.0,0.032520325203252,0.6621042669131578,0.3388856101379434,,-1.0
4_10_SPEAKER_01,4,11,1,582,17883,163,3.570552147239264,1,0,26,1.0,45.65,0.3601314346330058,0.3202349496863507,158,79,79,0.0,0.064516129032258,0.1731000782181299,0.1023658656173228,,-1.0
4_10_SPEAKER_01,4,11,1,582,17883,163,3.570552147239264,1,1,0,1.0,45.65,0.3601314346330058,0.3202349496863507,158,79,79,0.0,0.064516129032258,0.1731000782181299,0.1023658656173228,,-1.0
4_10_SPEAKER_01,4,11,1,582,17883,163,3.570552147239264,1,2,7,1.0,45.65,0.3601314346330058,0.3202349496863507,158,79,79,0.0,0.064516129032258,0.1731000782181299,0.1023658656173228,,-1.0
4_10_SPEAKER_01,4,11,1,582,17883,163,3.570552147239264,1,3,35,1.0,45.65,0.3601314346330058,0.3202349496863507,158,79,79,0.0,0.064516129032258,0.1731000782181299,0.1023658656173228,,-1.0
4_10_SPEAKER_01,4,11,1,582,17883,163,3.570552147239264,1,4,11,1.0,45.65,0.3601314346330058,0.3202349496863507,158,79,79,0.0,0.064516129032258,0.1731000782181299,0.1023658656173228,,-1.0
4_10_SPEAKER_02,4,11,2,306,17883,163,1.8773006134969328,2,0,25,1.0,45.65,0.3601314346330058,0.3202349496863507,98,49,49,0.7916666666666666,0.0816326530612244,0.1020505882534952,0.0750740893924938,,-1.0
4_10_SPEAKER_02,4,11,2,306,17883,163,1.8773006134969328,2,1,5,1.0,45.65,0.3601314346330058,0.3202349496863507,98,49,49,0.7916666666666666,0.0816326530612244,0.1020505882534952,0.0750740893924938,,-1.0
4_10_SPEAKER_02,4,11,2,306,17883,163,1.8773006134969328,2,2,0,1.0,45.65,0.3601314346330058,0.3202349496863507,98,49,49,0.7916666666666666,0.0816326530612244,0.1020505882534952,0.0750740893924938,,-1.0
4_10_SPEAKER_02,4,11,2,306,17883,163,1.8773006134969328,2,3,14,1.0,45.65,0.3601314346330058,0.3202349496863507,98,49,49,0.7916666666666666,0.0816326530612244,0.1020505882534952,0.0750740893924938,,-1.0
4_10_SPEAKER_02,4,11,2,306,17883,163,1.8773006134969328,2,4,5,1.0,45.65,0.3601314346330058,0.3202349496863507,98,49,49,0.7916666666666666,0.0816326530612244,0.1020505882534952,0.0750740893924938,,-1.0
4_10_SPEAKER_03,4,11,3,11538,17883,163,70.78527607361963,3,0,230,1.0,45.65,0.3601314346330058,0.3202349496863507,670,335,335,0.0,0.0449438202247191,0.6674608980316331,0.3433545149237076,,-1.0
4_10_SPEAKER_03,4,11,3,11538,17883,163,70.78527607361963,3,1,34,1.0,45.65,0.3601314346330058,0.3202349496863507,670,335,335,0.0,0.0449438202247191,0.6674608980316331,0.3433545149237076,,-1.0
4_10_SPEAKER_03,4,11,3,11538,17883,163,70.78527607361963,3,2,16,1.0,45.65,0.3601314346330058,0.3202349496863507,670,335,335,0.0,0.0449438202247191,0.6674608980316331,0.3433545149237076,,-1.0
4_10_SPEAKER_03,4,11,3,11538,17883,163,70.78527607361963,3,3,18,1.0,45.65,0.3601314346330058,0.3202349496863507,670,335,335,0.0,0.0449438202247191,0.6674608980316331,0.3433545149237076,,-1.0
4_10_SPEAKER_03,4,11,3,11538,17883,163,70.78527607361963,3,4,55,1.0,45.65,0.3601314346330058,0.3202349496863507,670,335,335,0.0,0.0449438202247191,0.6674608980316331,0.3433545149237076,,-1.0
4_10_SPEAKER_04,4,11,4,1086,17883,163,6.662576687116564,4,0,48,1.0,45.65,0.3601314346330058,0.3202349496863507,242,121,121,0.0,0.064516129032258,0.2752016164418165,0.1403199199285326,,-1.0
4_10_SPEAKER_04,4,11,4,1086,17883,163,6.662576687116564,4,1,11,1.0,45.65,0.3601314346330058,0.3202349496863507,242,121,121,0.0,0.064516129032258,0.2752016164418165,0.1403199199285326,,-1.0
4_10_SPEAKER_04,4,11,4,1086,17883,163,6.662576687116564,4,2,6,1.0,45.65,0.3601314346330058,0.3202349496863507,242,121,121,0.0,0.064516129032258,0.2752016164418165,0.1403199199285326,,-1.0
4_10_SPEAKER_04,4,11,4,1086,17883,163,6.662576687116564,4,3,56,1.0,45.65,0.3601314346330058,0.3202349496863507,242,121,121,0.0,0.064516129032258,0.2752016164418165,0.1403199199285326,,-1.0
4_10_SPEAKER_04,4,11,4,1086,17883,163,6.662576687116564,4,4,0,1.0,45.65,0.3601314346330058,0.3202349496863507,242,121,121,0.0,0.064516129032258,0.2752016164418165,0.1403199199285326,,-1.0
