id,project,meeting_number,speaker_number,speech_frequency,total_words,duration,normalized_speech_frequency,speaker_id,next_speaker_id,count,network_density,weighted_network_density,gini_coefficient,interaction_equality_index,degree_centrality,indegree_centrality,outdegree_centrality,betweenness_centrality,closeness_centrality,eigenvector_centrality,pagerank
4_1_SPEAKER_00,4,1,0,1,22,24,0.041666666666666664,0,0,0,0.4,0.55,0.1999999750000031,0.5,0.2,0.1,0.1,0.03333333333333333,0.03333333333333333,0.020149595906435287,0.009160896142905698
4_1_SPEAKER_00,4,1,0,1,22,24,0.041666666666666664,0,1,0,0.4,0.55,0.1999999750000031,0.5,0.2,0.1,0.1,0.03333333333333333,0.03333333333333333,0.020149595906435287,0.009160896142905698
4_1_SPEAKER_00,4,1,0,1,22,24,0.041666666666666664,0,2,0,0.4,0.55,0.1999999750000031,0.5,0.2,0.1,0.1,0.03333333333333333,0.03333333333333333,0.020149595906435287,0.009160896142905698
4_1_SPEAKER_00,4,1,0,1,22,24,0.041666666666666664,0,3,0,0.4,0.55,0.1999999750000031,0.5,0.2,0.1,0.1,0.03333333333333333,0.03333333333333333,0.020149595906435287,0.009160896142905698
4_1_SPEAKER_00,4,1,0,1,22,24,0.041666666666666664,0,4,1,0.4,0.55,0.1999999750000031,0.5,0.2,0.1,0.1,0.03333333333333333,0.03333333333333333,0.020149595906435287,0.009160896142905698
4_1_SPEAKER_01,4,1,1,2,22,24,0.08333333333333333,1,0,1,0.4,0.55,0.1999999750000031,0.5,0.2,0.1,0.1,0.025,0.02857142857142857,0.012700876483011589,0.00948013723302524
4_1_SPEAKER_01,4,1,1,2,22,24,0.08333333333333333,1,1,0,0.4,0.55,0.1999999750000031,0.5,0.2,0.1,0.1,0.025,0.02857142857142857,0.012700876483011589,0.00948013723302524
4_1_SPEAKER_01,4,1,1,2,22,24,0.08333333333333333,1,2,0,0.4,0.55,0.1999999750000031,0.5,0.2,0.1,0.1,0.025,0.02857142857142857,0.012700876483011589,0.00948013723302524
4_1_SPEAKER_01,4,1,1,2,22,24,0.08333333333333333,1,3,0,0.4,0.55,0.1999999750000031,0.5,0.2,0.1,0.1,0.025,0.02857142857142857,0.012700876483011589,0.00948013723302524
4_1_SPEAKER_01,4,1,1,2,22,24,0.08333333333333333,1,4,0,0.4,0.55,0.1999999750000031,0.5,0.2,0.1,0.1,0.025,0.02857142857142857,0.012700876483011589,0.00948013723302524
4_1_SPEAKER_02,4,1,2,2,22,24,0.08333333333333333,2,0,0,0.4,0.55,0.1999999750000031,0.5,0.2,0.1,0.1,0.0,0.02,0.025727554804354923,0.00892487999158582
4_1_SPEAKER_02,4,1,2,2,22,24,0.08333333333333333,2,1,0,0.4,0.55,0.1999999750000031,0.5,0.2,0.1,0.1,0.0,0.02,0.025727554804354923,0.00892487999158582
4_1_SPEAKER_02,4,1,2,2,22,24,0.08333333333333333,2,2,1,0.4,0.55,0.1999999750000031,0.5,0.2,0.1,0.1,0.0,0.02,0.025727554804354923,0.00892487999158582
4_1_SPEAKER_02,4,1,2,2,22,24,0.08333333333333333,2,3,0,0.4,0.55,0.1999999750000031,0.5,0.2,0.1,0.1,0.0,0.02,0.025727554804354923,0.00892487999158582
4_1_SPEAKER_02,4,1,2,2,22,24,0.08333333333333333,2,4,0,0.4,0.55,0.1999999750000031,0.5,0.2,0.1,0.1,0.0,0.02,0.025727554804354923,0.00892487999158582
4_1_SPEAKER_03,4,1,3,7,22,24,0.2916666666666667,3,0,0,0.4,0.55,0.1999999750000031,0.5,0.2,0.1,0.1,0.0,0.02,0.009511362441813855,0.00961581968396526
4_1_SPEAKER_03,4,1,3,7,22,24,0.2916666666666667,3,1,1,0.4,0.55,0.1999999750000031,0.5,0.2,0.1,0.1,0.0,0.02,0.009511362441813855,0.00961581968396526
4_1_SPEAKER_03,4,1,3,7,22,24,0.2916666666666667,3,2,0,0.4,0.55,0.1999999750000031,0.5,0.2,0.1,0.1,0.0,0.02,0.009511362441813855,0.00961581968396526
4_1_SPEAKER_03,4,1,3,7,22,24,0.2916666666666667,3,3,1,0.4,0.55,0.1999999750000031,0.5,0.2,0.1,0.1,0.0,0.02,0.009511362441813855,0.00961581968396526
4_1_SPEAKER_03,4,1,3,7,22,24,0.2916666666666667,3,4,0,0.4,0.55,0.1999999750000031,0.5,0.2,0.1,0.1,0.0,0.02,0.009511362441813855,0.00961581968396526
4_1_SPEAKER_04,4,1,4,10,22,24,0.4166666666666667,4,0,0,0.4,0.55,0.1999999750000031,0.5,0.3,0.15,0.15,0.025,0.02857142857142857,0.03435561714858308,0.012818266948517978
4_1_SPEAKER_04,4,1,4,10,22,24,0.4166666666666667,4,1,0,0.4,0.55,0.1999999750000031,0.5,0.3,0.15,0.15,0.025,0.02857142857142857,0.03435561714858308,0.012818266948517978
4_1_SPEAKER_04,4,1,4,10,22,24,0.4166666666666667,4,2,1,0.4,0.55,0.1999999750000031,0.5,0.3,0.15,0.15,0.025,0.02857142857142857,0.03435561714858308,0.012818266948517978
4_1_SPEAKER_04,4,1,4,10,22,24,0.4166666666666667,4,3,0,0.4,0.55,0.1999999750000031,0.5,0.3,0.15,0.15,0.025,0.02857142857142857,0.03435561714858308,0.012818266948517978
4_1_SPEAKER_04,4,1,4,10,22,24,0.4166666666666667,4,4,1,0.4,0.55,0.1999999750000031,0.5,0.3,0.15,0.15,0.025,0.02857142857142857,0.03435561714858308,0.012818266948517978
4_2_SPEAKER_00,4,2,0,132,416,72,1.8333333333333333,0,0,14,1.0,0.38571428571428573,0.12380952233560091,0.7667152625920783,0.42857142857142855,0.21428571428571427,0.21428571428571427,0.0,0.002197802197802198,0.004696751382024513,0.0018664175515463765
4_2_SPEAKER_00,4,2,0,132,416,72,1.8333333333333333,0,1,2,1.0,0.38571428571428573,0.12380952233560091,0.7667152625920783,0.42857142857142855,0.21428571428571427,0.21428571428571427,0.0,0.002197802197802198,0.004696751382024513,0.0018664175515463765
4_2_SPEAKER_00,4,2,0,132,416,72,1.8333333333333333,0,2,0,1.0,0.38571428571428573,0.12380952233560091,0.7667152625920783,0.42857142857142855,0.21428571428571427,0.21428571428571427,0.0,0.002197802197802198,0.004696751382024513,0.0018664175515463765
4_2_SPEAKER_00,4,2,0,132,416,72,1.8333333333333333,0,3,2,1.0,0.38571428571428573,0.12380952233560091,0.7667152625920783,0.42857142857142855,0.21428571428571427,0.21428571428571427,0.0,0.002197802197802198,0.004696751382024513,0.0018664175515463765
4_2_SPEAKER_00,4,2,0,132,416,72,1.8333333333333333,0,4,4,1.0,0.38571428571428573,0.12380952233560091,0.7667152625920783,0.42857142857142855,0.21428571428571427,0.21428571428571427,0.0,0.002197802197802198,0.004696751382024513,0.0018664175515463765
4_2_SPEAKER_01,4,2,1,67,416,72,0.9305555555555556,1,0,3,1.0,0.38571428571428573,0.12380952233560091,0.7667152625920783,0.32857142857142857,0.16428571428571428,0.16428571428571428,0.0,0.0015037593984962405,0.003025762075010069,0.0015241348095715321
4_2_SPEAKER_01,4,2,1,67,416,72,0.9305555555555556,1,1,4,1.0,0.38571428571428573,0.12380952233560091,0.7667152625920783,0.32857142857142857,0.16428571428571428,0.16428571428571428,0.0,0.0015037593984962405,0.003025762075010069,0.0015241348095715321
4_2_SPEAKER_01,4,2,1,67,416,72,0.9305555555555556,1,2,3,1.0,0.38571428571428573,0.12380952233560091,0.7667152625920783,0.32857142857142857,0.16428571428571428,0.16428571428571428,0.0,0.0015037593984962405,0.003025762075010069,0.0015241348095715321
4_2_SPEAKER_01,4,2,1,67,416,72,0.9305555555555556,1,3,2,1.0,0.38571428571428573,0.12380952233560091,0.7667152625920783,0.32857142857142857,0.16428571428571428,0.16428571428571428,0.0,0.0015037593984962405,0.003025762075010069,0.0015241348095715321
4_2_SPEAKER_01,4,2,1,67,416,72,0.9305555555555556,1,4,1,1.0,0.38571428571428573,0.12380952233560091,0.7667152625920783,0.32857142857142857,0.16428571428571428,0.16428571428571428,0.0,0.0015037593984962405,0.003025762075010069,0.0015241348095715321
4_2_SPEAKER_02,4,2,2,14,416,72,0.19444444444444445,2,0,1,1.0,0.38571428571428573,0.12380952233560091,0.7667152625920783,0.15714285714285714,0.07857142857142857,0.07857142857142857,0.004166666666666666,0.002857142857142857,0.0014023346441573911,0.0008384825116340673
4_2_SPEAKER_02,4,2,2,14,416,72,0.19444444444444445,2,1,1,1.0,0.38571428571428573,0.12380952233560091,0.7667152625920783,0.15714285714285714,0.07857142857142857,0.07857142857142857,0.004166666666666666,0.002857142857142857,0.0014023346441573911,0.0008384825116340673
4_2_SPEAKER_02,4,2,2,14,416,72,0.19444444444444445,2,2,1,1.0,0.38571428571428573,0.12380952233560091,0.7667152625920783,0.15714285714285714,0.07857142857142857,0.07857142857142857,0.004166666666666666,0.002857142857142857,0.0014023346441573911,0.0008384825116340673
4_2_SPEAKER_02,4,2,2,14,416,72,0.19444444444444445,2,3,2,1.0,0.38571428571428573,0.12380952233560091,0.7667152625920783,0.15714285714285714,0.07857142857142857,0.07857142857142857,0.004166666666666666,0.002857142857142857,0.0014023346441573911,0.0008384825116340673
4_2_SPEAKER_02,4,2,2,14,416,72,0.19444444444444445,2,4,1,1.0,0.38571428571428573,0.12380952233560091,0.7667152625920783,0.15714285714285714,0.07857142857142857,0.07857142857142857,0.004166666666666666,0.002857142857142857,0.0014023346441573911,0.0008384825116340673
4_2_SPEAKER_03,4,2,3,136,416,72,1.8888888888888888,3,0,2,1.0,0.38571428571428573,0.12380952233560091,0.7667152625920783,0.35714285714285715,0.17857142857142858,0.17857142857142858,0.0,0.0015037593984962405,0.0032084259343714353,0.001636962209410845
4_2_SPEAKER_03,4,2,3,136,416,72,1.8888888888888888,3,1,5,1.0,0.38571428571428573,0.12380952233560091,0.7667152625920783,0.35714285714285715,0.17857142857142858,0.17857142857142858,0.0,0.0015037593984962405,0.0032084259343714353,0.001636962209410845
4_2_SPEAKER_03,4,2,3,136,416,72,1.8888888888888888,3,2,1,1.0,0.38571428571428573,0.12380952233560091,0.7667152625920783,0.35714285714285715,0.17857142857142858,0.17857142857142858,0.0,0.0015037593984962405,0.0032084259343714353,0.001636962209410845
4_2_SPEAKER_03,4,2,3,136,416,72,1.8888888888888888,3,3,4,1.0,0.38571428571428573,0.12380952233560091,0.7667152625920783,0.35714285714285715,0.17857142857142858,0.17857142857142858,0.0,0.0015037593984962405,0.0032084259343714353,0.001636962209410845
4_2_SPEAKER_03,4,2,3,136,416,72,1.8888888888888888,3,4,3,1.0,0.38571428571428573,0.12380952233560091,0.7667152625920783,0.35714285714285715,0.17857142857142858,0.17857142857142858,0.0,0.0015037593984962405,0.0032084259343714353,0.001636962209410845
4_2_SPEAKER_04,4,2,4,67,416,72,0.9305555555555556,4,0,2,1.0,0.38571428571428573,0.12380952233560091,0.7667152625920783,0.2714285714285714,0.1357142857142857,0.1357142857142857,0.0,0.002197802197802198,0.0027468452911650555,0.001276860060694322
4_2_SPEAKER_04,4,2,4,67,416,72,0.9305555555555556,4,1,2,1.0,0.38571428571428573,0.12380952233560091,0.7667152625920783,0.2714285714285714,0.1357142857142857,0.1357142857142857,0.0,0.002197802197802198,0.0027468452911650555,0.001276860060694322
4_2_SPEAKER_04,4,2,4,67,416,72,0.9305555555555556,4,2,1,1.0,0.38571428571428573,0.12380952233560091,0.7667152625920783,0.2714285714285714,0.1357142857142857,0.1357142857142857,0.0,0.002197802197802198,0.0027468452911650555,0.001276860060694322
4_2_SPEAKER_04,4,2,4,67,416,72,0.9305555555555556,4,3,4,1.0,0.38571428571428573,0.12380952233560091,0.7667152625920783,0.2714285714285714,0.1357142857142857,0.1357142857142857,0.0,0.002197802197802198,0.0027468452911650555,0.001276860060694322
4_2_SPEAKER_04,4,2,4,67,416,72,0.9305555555555556,4,4,1,1.0,0.38571428571428573,0.12380952233560091,0.7667152625920783,0.2714285714285714,0.1357142857142857,0.1357142857142857,0.0,0.002197802197802198,0.0027468452911650555,0.001276860060694322
4_3_SPEAKER_00,4,3,0,15,57,24,0.625,0,0,1,1.0,0.6666666666666666,0.1904761823129255,0.5959389821791157,0.5,0.25,0.25,0.0,0.020833333333333332,0.027179885537603338,0.015311028724183032
4_3_SPEAKER_00,4,3,0,15,57,24,0.625,0,3,2,1.0,0.6666666666666666,0.1904761823129255,0.5959389821791157,0.5,0.25,0.25,0.0,0.020833333333333332,0.027179885537603338,0.015311028724183032
4_3_SPEAKER_00,4,3,0,15,57,24,0.625,0,4,1,1.0,0.6666666666666666,0.1904761823129255,0.5959389821791157,0.5,0.25,0.25,0.0,0.020833333333333332,0.027179885537603338,0.015311028724183032
4_3_SPEAKER_03,4,3,3,18,57,24,0.75,3,0,2,1.0,0.6666666666666666,0.1904761823129255,0.5959389821791157,0.5,0.25,0.25,0.0,0.016666666666666666,0.026178586154051622,0.01541105967732257
4_3_SPEAKER_03,4,3,3,18,57,24,0.75,3,3,0,1.0,0.6666666666666666,0.1904761823129255,0.5959389821791157,0.5,0.25,0.25,0.0,0.016666666666666666,0.026178586154051622,0.01541105967732257
4_3_SPEAKER_03,4,3,3,18,57,24,0.75,3,4,1,1.0,0.6666666666666666,0.1904761823129255,0.5959389821791157,0.5,0.25,0.25,0.0,0.016666666666666666,0.026178586154051622,0.01541105967732257
4_3_SPEAKER_04,4,3,4,24,57,24,1.0,4,0,0,1.0,0.6666666666666666,0.1904761823129255,0.5959389821791157,0.3333333333333333,0.16666666666666666,0.16666666666666666,0.041666666666666664,0.027777777777777776,0.017664839660998584,0.010944578265161048
4_3_SPEAKER_04,4,3,4,24,57,24,1.0,4,3,1,1.0,0.6666666666666666,0.1904761823129255,0.5959389821791157,0.3333333333333333,0.16666666666666666,0.16666666666666666,0.041666666666666664,0.027777777777777776,0.017664839660998584,0.010944578265161048
4_3_SPEAKER_04,4,3,4,24,57,24,1.0,4,4,1,1.0,0.6666666666666666,0.1904761823129255,0.5959389821791157,0.3333333333333333,0.16666666666666666,0.16666666666666666,0.041666666666666664,0.027777777777777776,0.017664839660998584,0.010944578265161048
4_6_SPEAKER_00,4,6,0,6,36,24,0.25,0,0,1,0.5,0.35,0.33333330555555796,0.37639043553767637,0.25,0.125,0.125,0.0125,0.016666666666666666,0.017952422119292065,0.008315020258387328
4_6_SPEAKER_00,4,6,0,6,36,24,0.25,0,1,1,0.5,0.35,0.33333330555555796,0.37639043553767637,0.25,0.125,0.125,0.0125,0.016666666666666666,0.017952422119292065,0.008315020258387328
4_6_SPEAKER_00,4,6,0,6,36,24,0.25,0,2,0,0.5,0.35,0.33333330555555796,0.37639043553767637,0.25,0.125,0.125,0.0125,0.016666666666666666,0.017952422119292065,0.008315020258387328
4_6_SPEAKER_00,4,6,0,6,36,24,0.25,0,3,1,0.5,0.35,0.33333330555555796,0.37639043553767637,0.25,0.125,0.125,0.0125,0.016666666666666666,0.017952422119292065,0.008315020258387328
4_6_SPEAKER_00,4,6,0,6,36,24,0.25,0,4,0,0.5,0.35,0.33333330555555796,0.37639043553767637,0.25,0.125,0.125,0.0125,0.016666666666666666,0.017952422119292065,0.008315020258387328
4_6_SPEAKER_01,4,6,1,10,36,24,0.4166666666666667,1,0,1,0.5,0.35,0.33333330555555796,0.37639043553767637,0.1,0.05,0.05,0.0,0.008333333333333333,0.011095195596011062,0.0035770907572522347
4_6_SPEAKER_01,4,6,1,10,36,24,0.4166666666666667,1,1,0,0.5,0.35,0.33333330555555796,0.37639043553767637,0.1,0.05,0.05,0.0,0.008333333333333333,0.011095195596011062,0.0035770907572522347
4_6_SPEAKER_01,4,6,1,10,36,24,0.4166666666666667,1,2,0,0.5,0.35,0.33333330555555796,0.37639043553767637,0.1,0.05,0.05,0.0,0.008333333333333333,0.011095195596011062,0.0035770907572522347
4_6_SPEAKER_01,4,6,1,10,36,24,0.4166666666666667,1,3,0,0.5,0.35,0.33333330555555796,0.37639043553767637,0.1,0.05,0.05,0.0,0.008333333333333333,0.011095195596011062,0.0035770907572522347
4_6_SPEAKER_01,4,6,1,10,36,24,0.4166666666666667,1,4,0,0.5,0.35,0.33333330555555796,0.37639043553767637,0.1,0.05,0.05,0.0,0.008333333333333333,0.011095195596011062,0.0035770907572522347
4_6_SPEAKER_02,4,6,2,2,36,24,0.08333333333333333,2,0,1,0.5,0.35,0.33333330555555796,0.37639043553767637,0.1,0.05,0.05,0.0,0.014285714285714285,0.008475998928370854,0.0037013833761276238
4_6_SPEAKER_02,4,6,2,2,36,24,0.08333333333333333,2,1,0,0.5,0.35,0.33333330555555796,0.37639043553767637,0.1,0.05,0.05,0.0,0.014285714285714285,0.008475998928370854,0.0037013833761276238
4_6_SPEAKER_02,4,6,2,2,36,24,0.08333333333333333,2,2,0,0.5,0.35,0.33333330555555796,0.37639043553767637,0.1,0.05,0.05,0.0,0.014285714285714285,0.008475998928370854,0.0037013833761276238
4_6_SPEAKER_02,4,6,2,2,36,24,0.08333333333333333,2,3,0,0.5,0.35,0.33333330555555796,0.37639043553767637,0.1,0.05,0.05,0.0,0.014285714285714285,0.008475998928370854,0.0037013833761276238
4_6_SPEAKER_02,4,6,2,2,36,24,0.08333333333333333,2,4,0,0.5,0.35,0.33333330555555796,0.37639043553767637,0.1,0.05,0.05,0.0,0.014285714285714285,0.008475998928370854,0.0037013833761276238
4_6_SPEAKER_03,4,6,3,14,36,24,0.5833333333333334,3,0,0,0.5,0.35,0.33333330555555796,0.37639043553767637,0.15,0.075,0.075,0.0125,0.016666666666666666,0.009476474493500555,0.005427652320036265
4_6_SPEAKER_03,4,6,3,14,36,24,0.5833333333333334,3,1,0,0.5,0.35,0.33333330555555796,0.37639043553767637,0.15,0.075,0.075,0.0125,0.016666666666666666,0.009476474493500555,0.005427652320036265
4_6_SPEAKER_03,4,6,3,14,36,24,0.5833333333333334,3,2,1,0.5,0.35,0.33333330555555796,0.37639043553767637,0.15,0.075,0.075,0.0125,0.016666666666666666,0.009476474493500555,0.005427652320036265
4_6_SPEAKER_03,4,6,3,14,36,24,0.5833333333333334,3,3,0,0.5,0.35,0.33333330555555796,0.37639043553767637,0.15,0.075,0.075,0.0125,0.016666666666666666,0.009476474493500555,0.005427652320036265
4_6_SPEAKER_03,4,6,3,14,36,24,0.5833333333333334,3,4,1,0.5,0.35,0.33333330555555796,0.37639043553767637,0.15,0.075,0.075,0.0125,0.016666666666666666,0.009476474493500555,0.005427652320036265
4_6_SPEAKER_04,4,6,4,4,36,24,0.16666666666666666,4,0,0,0.5,0.35,0.33333330555555796,0.37639043553767637,0.1,0.05,0.05,0.0,0.01111111111111111,0.0042380476728441025,0.003978853288196553
4_6_SPEAKER_04,4,6,4,4,36,24,0.16666666666666666,4,1,0,0.5,0.35,0.33333330555555796,0.37639043553767637,0.1,0.05,0.05,0.0,0.01111111111111111,0.0042380476728441025,0.003978853288196553
4_6_SPEAKER_04,4,6,4,4,36,24,0.16666666666666666,4,2,0,0.5,0.35,0.33333330555555796,0.37639043553767637,0.1,0.05,0.05,0.0,0.01111111111111111,0.0042380476728441025,0.003978853288196553
4_6_SPEAKER_04,4,6,4,4,36,24,0.16666666666666666,4,3,0,0.5,0.35,0.33333330555555796,0.37639043553767637,0.1,0.05,0.05,0.0,0.01111111111111111,0.0042380476728441025,0.003978853288196553
4_6_SPEAKER_04,4,6,4,4,36,24,0.16666666666666666,4,4,1,0.5,0.35,0.33333330555555796,0.37639043553767637,0.1,0.05,0.05,0.0,0.01111111111111111,0.0042380476728441025,0.003978853288196553
4_7_SPEAKER_00,4,7,0,199,1773,240,0.8291666666666667,0,0,26,1.0,0.484375,0.24482758515160527,0.5592474816839925,0.19375,0.096875,0.096875,0.0,0.00026041666666666666,0.0005994562412549244,0.0003130337636700834
4_7_SPEAKER_00,4,7,0,199,1773,240,0.8291666666666667,0,1,6,1.0,0.484375,0.24482758515160527,0.5592474816839925,0.19375,0.096875,0.096875,0.0,0.00026041666666666666,0.0005994562412549244,0.0003130337636700834
4_7_SPEAKER_00,4,7,0,199,1773,240,0.8291666666666667,0,2,1,1.0,0.484375,0.24482758515160527,0.5592474816839925,0.19375,0.096875,0.096875,0.0,0.00026041666666666666,0.0005994562412549244,0.0003130337636700834
4_7_SPEAKER_00,4,7,0,199,1773,240,0.8291666666666667,0,3,8,1.0,0.484375,0.24482758515160527,0.5592474816839925,0.19375,0.096875,0.096875,0.0,0.00026041666666666666,0.0005994562412549244,0.0003130337636700834
4_7_SPEAKER_00,4,7,0,199,1773,240,0.8291666666666667,0,4,3,1.0,0.484375,0.24482758515160527,0.5592474816839925,0.19375,0.096875,0.096875,0.0,0.00026041666666666666,0.0005994562412549244,0.0003130337636700834
4_7_SPEAKER_01,4,7,1,393,1773,240,1.6375,1,0,11,1.0,0.484375,0.24482758515160527,0.5592474816839925,0.25625,0.128125,0.128125,0.0,0.0001838235294117647,0.0008558025151763802,0.00039903038395975633
4_7_SPEAKER_01,4,7,1,393,1773,240,1.6375,1,1,17,1.0,0.484375,0.24482758515160527,0.5592474816839925,0.25625,0.128125,0.128125,0.0,0.0001838235294117647,0.0008558025151763802,0.00039903038395975633
4_7_SPEAKER_01,4,7,1,393,1773,240,1.6375,1,2,4,1.0,0.484375,0.24482758515160527,0.5592474816839925,0.25625,0.128125,0.128125,0.0,0.0001838235294117647,0.0008558025151763802,0.00039903038395975633
4_7_SPEAKER_01,4,7,1,393,1773,240,1.6375,1,3,14,1.0,0.484375,0.24482758515160527,0.5592474816839925,0.25625,0.128125,0.128125,0.0,0.0001838235294117647,0.0008558025151763802,0.00039903038395975633
4_7_SPEAKER_01,4,7,1,393,1773,240,1.6375,1,4,4,1.0,0.484375,0.24482758515160527,0.5592474816839925,0.25625,0.128125,0.128125,0.0,0.0001838235294117647,0.0008558025151763802,0.00039903038395975633
4_7_SPEAKER_02,4,7,2,39,1773,240,0.1625,2,0,2,1.0,0.484375,0.24482758515160527,0.5592474816839925,0.05625,0.028125,0.028125,0.0013020833333333333,0.000390625,0.00017471874394416696,0.00012581792600084018
4_7_SPEAKER_02,4,7,2,39,1773,240,0.1625,2,1,2,1.0,0.484375,0.24482758515160527,0.5592474816839925,0.05625,0.028125,0.028125,0.0013020833333333333,0.000390625,0.00017471874394416696,0.00012581792600084018
4_7_SPEAKER_02,4,7,2,39,1773,240,0.1625,2,2,2,1.0,0.484375,0.24482758515160527,0.5592474816839925,0.05625,0.028125,0.028125,0.0013020833333333333,0.000390625,0.00017471874394416696,0.00012581792600084018
4_7_SPEAKER_02,4,7,2,39,1773,240,0.1625,2,3,2,1.0,0.484375,0.24482758515160527,0.5592474816839925,0.05625,0.028125,0.028125,0.0013020833333333333,0.000390625,0.00017471874394416696,0.00012581792600084018
4_7_SPEAKER_02,4,7,2,39,1773,240,0.1625,2,4,2,1.0,0.484375,0.24482758515160527,0.5592474816839925,0.05625,0.028125,0.028125,0.0013020833333333333,0.000390625,0.00017471874394416696,0.00012581792600084018
4_7_SPEAKER_03,4,7,3,876,1773,240,3.65,3,0,3,1.0,0.484375,0.24482758515160527,0.5592474816839925,0.30625,0.153125,0.153125,0.0,0.0002232142857142857,0.0010061728527308521,0.00046534100536615286
4_7_SPEAKER_03,4,7,3,876,1773,240,3.65,3,1,18,1.0,0.484375,0.24482758515160527,0.5592474816839925,0.30625,0.153125,0.153125,0.0,0.0002232142857142857,0.0010061728527308521,0.00046534100536615286
4_7_SPEAKER_03,4,7,3,876,1773,240,3.65,3,2,2,1.0,0.484375,0.24482758515160527,0.5592474816839925,0.30625,0.153125,0.153125,0.0,0.0002232142857142857,0.0010061728527308521,0.00046534100536615286
4_7_SPEAKER_03,4,7,3,876,1773,240,3.65,3,3,26,1.0,0.484375,0.24482758515160527,0.5592474816839925,0.30625,0.153125,0.153125,0.0,0.0002232142857142857,0.0010061728527308521,0.00046534100536615286
4_7_SPEAKER_03,4,7,3,876,1773,240,3.65,3,4,13,1.0,0.484375,0.24482758515160527,0.5592474816839925,0.30625,0.153125,0.153125,0.0,0.0002232142857142857,0.0010061728527308521,0.00046534100536615286
4_7_SPEAKER_04,4,7,4,266,1773,240,1.1083333333333334,4,0,2,1.0,0.484375,0.24482758515160527,0.5592474816839925,0.15625,0.078125,0.078125,0.0,0.00026041666666666666,0.0005538502241403642,0.00025927692100316725
4_7_SPEAKER_04,4,7,4,266,1773,240,1.1083333333333334,4,1,6,1.0,0.484375,0.24482758515160527,0.5592474816839925,0.15625,0.078125,0.078125,0.0,0.00026041666666666666,0.0005538502241403642,0.00025927692100316725
4_7_SPEAKER_04,4,7,4,266,1773,240,1.1083333333333334,4,2,1,1.0,0.484375,0.24482758515160527,0.5592474816839925,0.15625,0.078125,0.078125,0.0,0.00026041666666666666,0.0005538502241403642,0.00025927692100316725
4_7_SPEAKER_04,4,7,4,266,1773,240,1.1083333333333334,4,3,12,1.0,0.484375,0.24482758515160527,0.5592474816839925,0.15625,0.078125,0.078125,0.0,0.00026041666666666666,0.0005538502241403642,0.00025927692100316725
4_7_SPEAKER_04,4,7,4,266,1773,240,1.1083333333333334,4,4,7,1.0,0.484375,0.24482758515160527,0.5592474816839925,0.15625,0.078125,0.078125,0.0,0.00026041666666666666,0.0005538502241403642,0.00025927692100316725
4_8_SPEAKER_00,4,8,0,135,607,48,2.8125,0,0,19,1.0,0.45416666666666666,0.23529411626297583,0.5725670088332953,0.2791666666666667,0.13958333333333334,0.13958333333333334,0.0,0.00026881720430107527,0.0013132959630160108,0.0006073796459112929
4_8_SPEAKER_00,4,8,0,135,607,48,2.8125,0,1,11,1.0,0.45416666666666666,0.23529411626297583,0.5725670088332953,0.2791666666666667,0.13958333333333334,0.13958333333333334,0.0,0.00026881720430107527,0.0013132959630160108,0.0006073796459112929
4_8_SPEAKER_00,4,8,0,135,607,48,2.8125,0,2,4,1.0,0.45416666666666666,0.23529411626297583,0.5725670088332953,0.2791666666666667,0.13958333333333334,0.13958333333333334,0.0,0.00026881720430107527,0.0013132959630160108,0.0006073796459112929
4_8_SPEAKER_00,4,8,0,135,607,48,2.8125,0,3,2,1.0,0.45416666666666666,0.23529411626297583,0.5725670088332953,0.2791666666666667,0.13958333333333334,0.13958333333333334,0.0,0.00026881720430107527,0.0013132959630160108,0.0006073796459112929
4_8_SPEAKER_00,4,8,0,135,607,48,2.8125,0,4,7,1.0,0.45416666666666666,0.23529411626297583,0.5725670088332953,0.2791666666666667,0.13958333333333334,0.13958333333333334,0.0,0.00026881720430107527,0.0013132959630160108,0.0006073796459112929
4_8_SPEAKER_01,4,8,1,196,607,48,4.083333333333333,1,0,13,1.0,0.45416666666666666,0.23529411626297583,0.5725670088332953,0.2875,0.14375,0.14375,0.0,0.0002525252525252525,0.0012997806756322207,0.0006261025325095318
4_8_SPEAKER_01,4,8,1,196,607,48,4.083333333333333,1,1,16,1.0,0.45416666666666666,0.23529411626297583,0.5725670088332953,0.2875,0.14375,0.14375,0.0,0.0002525252525252525,0.0012997806756322207,0.0006261025325095318
4_8_SPEAKER_01,4,8,1,196,607,48,4.083333333333333,1,2,2,1.0,0.45416666666666666,0.23529411626297583,0.5725670088332953,0.2875,0.14375,0.14375,0.0,0.0002525252525252525,0.0012997806756322207,0.0006261025325095318
4_8_SPEAKER_01,4,8,1,196,607,48,4.083333333333333,1,3,8,1.0,0.45416666666666666,0.23529411626297583,0.5725670088332953,0.2875,0.14375,0.14375,0.0,0.0002525252525252525,0.0012997806756322207,0.0006261025325095318
4_8_SPEAKER_01,4,8,1,196,607,48,4.083333333333333,1,4,4,1.0,0.45416666666666666,0.23529411626297583,0.5725670088332953,0.2875,0.14375,0.14375,0.0,0.0002525252525252525,0.0012997806756322207,0.0006261025325095318
4_8_SPEAKER_02,4,8,2,19,607,48,0.3958333333333333,2,0,3,1.0,0.45416666666666666,0.23529411626297583,0.5725670088332953,0.075,0.0375,0.0375,0.001736111111111111,0.0005555555555555556,0.0003707161499105714,0.0002078866111464887
4_8_SPEAKER_02,4,8,2,19,607,48,0.3958333333333333,2,1,4,1.0,0.45416666666666666,0.23529411626297583,0.5725670088332953,0.075,0.0375,0.0375,0.001736111111111111,0.0005555555555555556,0.0003707161499105714,0.0002078866111464887
4_8_SPEAKER_02,4,8,2,19,607,48,0.3958333333333333,2,2,2,1.0,0.45416666666666666,0.23529411626297583,0.5725670088332953,0.075,0.0375,0.0375,0.001736111111111111,0.0005555555555555556,0.0003707161499105714,0.0002078866111464887
4_8_SPEAKER_02,4,8,2,19,607,48,0.3958333333333333,2,3,0,1.0,0.45416666666666666,0.23529411626297583,0.5725670088332953,0.075,0.0375,0.0375,0.001736111111111111,0.0005555555555555556,0.0003707161499105714,0.0002078866111464887
4_8_SPEAKER_02,4,8,2,19,607,48,0.3958333333333333,2,4,1,1.0,0.45416666666666666,0.23529411626297583,0.5725670088332953,0.075,0.0375,0.0375,0.001736111111111111,0.0005555555555555556,0.0003707161499105714,0.0002078866111464887
4_8_SPEAKER_03,4,8,3,152,607,48,3.1666666666666665,3,0,3,1.0,0.45416666666666666,0.23529411626297583,0.5725670088332953,0.12916666666666668,0.06458333333333334,0.06458333333333334,0.0010416666666666667,0.0005208333333333333,0.0006043084017990412,0.000312673063052573
4_8_SPEAKER_03,4,8,3,152,607,48,3.1666666666666665,3,1,6,1.0,0.45416666666666666,0.23529411626297583,0.5725670088332953,0.12916666666666668,0.06458333333333334,0.06458333333333334,0.0010416666666666667,0.0005208333333333333,0.0006043084017990412,0.000312673063052573
4_8_SPEAKER_03,4,8,3,152,607,48,3.1666666666666665,3,2,1,1.0,0.45416666666666666,0.23529411626297583,0.5725670088332953,0.12916666666666668,0.06458333333333334,0.06458333333333334,0.0010416666666666667,0.0005208333333333333,0.0006043084017990412,0.000312673063052573
4_8_SPEAKER_03,4,8,3,152,607,48,3.1666666666666665,3,3,6,1.0,0.45416666666666666,0.23529411626297583,0.5725670088332953,0.12916666666666668,0.06458333333333334,0.06458333333333334,0.0010416666666666667,0.0005208333333333333,0.0006043084017990412,0.000312673063052573
4_8_SPEAKER_03,4,8,3,152,607,48,3.1666666666666665,3,4,2,1.0,0.45416666666666666,0.23529411626297583,0.5725670088332953,0.12916666666666668,0.06458333333333334,0.06458333333333334,0.0010416666666666667,0.0005208333333333333,0.0006043084017990412,0.000312673063052573
4_8_SPEAKER_04,4,8,4,105,607,48,2.1875,4,0,5,1.0,0.45416666666666666,0.23529411626297583,0.5725670088332953,0.1375,0.06875,0.06875,0.0,0.0003968253968253968,0.0006507553905018736,0.000329291480713447
4_8_SPEAKER_04,4,8,4,105,607,48,2.1875,4,1,5,1.0,0.45416666666666666,0.23529411626297583,0.5725670088332953,0.1375,0.06875,0.06875,0.0,0.0003968253968253968,0.0006507553905018736,0.000329291480713447
4_8_SPEAKER_04,4,8,4,105,607,48,2.1875,4,2,1,1.0,0.45416666666666666,0.23529411626297583,0.5725670088332953,0.1375,0.06875,0.06875,0.0,0.0003968253968253968,0.0006507553905018736,0.000329291480713447
4_8_SPEAKER_04,4,8,4,105,607,48,2.1875,4,3,3,1.0,0.45416666666666666,0.23529411626297583,0.5725670088332953,0.1375,0.06875,0.06875,0.0,0.0003968253968253968,0.0006507553905018736,0.000329291480713447
4_8_SPEAKER_04,4,8,4,105,607,48,2.1875,4,4,5,1.0,0.45416666666666666,0.23529411626297583,0.5725670088332953,0.1375,0.06875,0.06875,0.0,0.0003968253968253968,0.0006507553905018736,0.000329291480713447
4_9_SPEAKER_00,4,9,0,171,584,48,3.5625,0,0,25,1.0,0.42,0.24651162647376962,0.5357566330772761,0.38,0.19,0.19,0.0,0.0009090909090909091,0.0017837395059599696,0.0008316887330659722
4_9_SPEAKER_00,4,9,0,171,584,48,3.5625,0,1,10,1.0,0.42,0.24651162647376962,0.5357566330772761,0.38,0.19,0.19,0.0,0.0009090909090909091,0.0017837395059599696,0.0008316887330659722
4_9_SPEAKER_00,4,9,0,171,584,48,3.5625,0,2,0,1.0,0.42,0.24651162647376962,0.5357566330772761,0.38,0.19,0.19,0.0,0.0009090909090909091,0.0017837395059599696,0.0008316887330659722
4_9_SPEAKER_00,4,9,0,171,584,48,3.5625,0,3,9,1.0,0.42,0.24651162647376962,0.5357566330772761,0.38,0.19,0.19,0.0,0.0009090909090909091,0.0017837395059599696,0.0008316887330659722
4_9_SPEAKER_00,4,9,0,171,584,48,3.5625,0,4,6,1.0,0.42,0.24651162647376962,0.5357566330772761,0.38,0.19,0.19,0.0,0.0009090909090909091,0.0017837395059599696,0.0008316887330659722
4_9_SPEAKER_01,4,9,1,94,584,48,1.9583333333333333,1,0,10,1.0,0.42,0.24651162647376962,0.5357566330772761,0.24,0.12,0.12,0.0,0.0005263157894736842,0.0011379385887549758,0.000568200439473211
4_9_SPEAKER_01,4,9,1,94,584,48,1.9583333333333333,1,1,5,1.0,0.42,0.24651162647376962,0.5357566330772761,0.24,0.12,0.12,0.0,0.0005263157894736842,0.0011379385887549758,0.000568200439473211
4_9_SPEAKER_01,4,9,1,94,584,48,1.9583333333333333,1,2,1,1.0,0.42,0.24651162647376962,0.5357566330772761,0.24,0.12,0.12,0.0,0.0005263157894736842,0.0011379385887549758,0.000568200439473211
4_9_SPEAKER_01,4,9,1,94,584,48,1.9583333333333333,1,3,10,1.0,0.42,0.24651162647376962,0.5357566330772761,0.24,0.12,0.12,0.0,0.0005263157894736842,0.0011379385887549758,0.000568200439473211
4_9_SPEAKER_01,4,9,1,94,584,48,1.9583333333333333,1,4,1,1.0,0.42,0.24651162647376962,0.5357566330772761,0.24,0.12,0.12,0.0,0.0005263157894736842,0.0011379385887549758,0.000568200439473211
4_9_SPEAKER_02,4,9,2,13,584,48,0.2708333333333333,2,0,1,1.0,0.42,0.24651162647376962,0.5357566330772761,0.045,0.0225,0.0225,0.0020833333333333333,0.00125,0.00017390171419852697,0.0001714098661036058
4_9_SPEAKER_02,4,9,2,13,584,48,0.2708333333333333,2,1,3,1.0,0.42,0.24651162647376962,0.5357566330772761,0.045,0.0225,0.0225,0.0020833333333333333,0.00125,0.00017390171419852697,0.0001714098661036058
4_9_SPEAKER_02,4,9,2,13,584,48,0.2708333333333333,2,2,1,1.0,0.42,0.24651162647376962,0.5357566330772761,0.045,0.0225,0.0225,0.0020833333333333333,0.00125,0.00017390171419852697,0.0001714098661036058
4_9_SPEAKER_02,4,9,2,13,584,48,0.2708333333333333,2,3,0,1.0,0.42,0.24651162647376962,0.5357566330772761,0.045,0.0225,0.0225,0.0020833333333333333,0.00125,0.00017390171419852697,0.0001714098661036058
4_9_SPEAKER_02,4,9,2,13,584,48,0.2708333333333333,2,4,0,1.0,0.42,0.24651162647376962,0.5357566330772761,0.045,0.0225,0.0225,0.0020833333333333333,0.00125,0.00017390171419852697,0.0001714098661036058
4_9_SPEAKER_03,4,9,3,242,584,48,5.041666666666667,3,0,11,1.0,0.42,0.24651162647376962,0.5357566330772761,0.245,0.1225,0.1225,0.0,0.0007142857142857143,0.0011475866629281073,0.0005716436882740407
4_9_SPEAKER_03,4,9,3,242,584,48,5.041666666666667,3,1,5,1.0,0.42,0.24651162647376962,0.5357566330772761,0.245,0.1225,0.1225,0.0,0.0007142857142857143,0.0011475866629281073,0.0005716436882740407
4_9_SPEAKER_03,4,9,3,242,584,48,5.041666666666667,3,2,2,1.0,0.42,0.24651162647376962,0.5357566330772761,0.245,0.1225,0.1225,0.0,0.0007142857142857143,0.0011475866629281073,0.0005716436882740407
4_9_SPEAKER_03,4,9,3,242,584,48,5.041666666666667,3,3,3,1.0,0.42,0.24651162647376962,0.5357566330772761,0.245,0.1225,0.1225,0.0,0.0007142857142857143,0.0011475866629281073,0.0005716436882740407
4_9_SPEAKER_03,4,9,3,242,584,48,5.041666666666667,3,4,5,1.0,0.42,0.24651162647376962,0.5357566330772761,0.245,0.1225,0.1225,0.0,0.0007142857142857143,0.0011475866629281073,0.0005716436882740407
4_9_SPEAKER_04,4,9,4,64,584,48,1.3333333333333333,4,0,4,1.0,0.42,0.24651162647376962,0.5357566330772761,0.14,0.07,0.07,0.0,0.001,0.0006528186486064586,0.0003570572730831696
4_9_SPEAKER_04,4,9,4,64,584,48,1.3333333333333333,4,1,3,1.0,0.42,0.24651162647376962,0.5357566330772761,0.14,0.07,0.07,0.0,0.001,0.0006528186486064586,0.0003570572730831696
4_9_SPEAKER_04,4,9,4,64,584,48,1.3333333333333333,4,2,1,1.0,0.42,0.24651162647376962,0.5357566330772761,0.14,0.07,0.07,0.0,0.001,0.0006528186486064586,0.0003570572730831696
4_9_SPEAKER_04,4,9,4,64,584,48,1.3333333333333333,4,3,4,1.0,0.42,0.24651162647376962,0.5357566330772761,0.14,0.07,0.07,0.0,0.001,0.0006528186486064586,0.0003570572730831696
4_9_SPEAKER_04,4,9,4,64,584,48,1.3333333333333333,4,4,4,1.0,0.42,0.24651162647376962,0.5357566330772761,0.14,0.07,0.07,0.0,0.001,0.0006528186486064586,0.0003570572730831696
4_10_SPEAKER_00,4,10,0,290,3308,72,4.027777777777778,0,0,47,1.0,0.4202830188679245,0.3155963297926662,0.42652599939576996,0.12772277227722773,0.06386138613861386,0.06386138613861386,0.0,4.304778303917348e-05,0.00012248898339424364,7.803923922703666e-05
4_10_SPEAKER_00,4,10,0,290,3308,72,4.027777777777778,0,1,10,1.0,0.4202830188679245,0.3155963297926662,0.42652599939576996,0.12772277227722773,0.06386138613861386,0.06386138613861386,0.0,4.304778303917348e-05,0.00012248898339424364,7.803923922703666e-05
4_10_SPEAKER_00,4,10,0,290,3308,72,4.027777777777778,0,2,3,1.0,0.4202830188679245,0.3155963297926662,0.42652599939576996,0.12772277227722773,0.06386138613861386,0.06386138613861386,0.0,4.304778303917348e-05,0.00012248898339424364,7.803923922703666e-05
4_10_SPEAKER_00,4,10,0,290,3308,72,4.027777777777778,0,3,24,1.0,0.4202830188679245,0.3155963297926662,0.42652599939576996,0.12772277227722773,0.06386138613861386,0.06386138613861386,0.0,4.304778303917348e-05,0.00012248898339424364,7.803923922703666e-05
4_10_SPEAKER_00,4,10,0,290,3308,72,4.027777777777778,0,4,4,1.0,0.4202830188679245,0.3155963297926662,0.42652599939576996,0.12772277227722773,0.06386138613861386,0.06386138613861386,0.0,4.304778303917348e-05,0.00012248898339424364,7.803923922703666e-05
4_10_SPEAKER_01,4,10,1,394,3308,72,5.472222222222222,1,0,7,1.0,0.4202830188679245,0.3155963297926662,0.42652599939576996,0.19207920792079208,0.09603960396039604,0.09603960396039604,0.0,5.351886540005352e-05,0.00022358125527059073,0.00010424427035118679
4_10_SPEAKER_01,4,10,1,394,3308,72,5.472222222222222,1,1,52,1.0,0.4202830188679245,0.3155963297926662,0.42652599939576996,0.19207920792079208,0.09603960396039604,0.09603960396039604,0.0,5.351886540005352e-05,0.00022358125527059073,0.00010424427035118679
4_10_SPEAKER_01,4,10,1,394,3308,72,5.472222222222222,1,2,1,1.0,0.4202830188679245,0.3155963297926662,0.42652599939576996,0.19207920792079208,0.09603960396039604,0.09603960396039604,0.0,5.351886540005352e-05,0.00022358125527059073,0.00010424427035118679
4_10_SPEAKER_01,4,10,1,394,3308,72,5.472222222222222,1,3,48,1.0,0.4202830188679245,0.3155963297926662,0.42652599939576996,0.19207920792079208,0.09603960396039604,0.09603960396039604,0.0,5.351886540005352e-05,0.00022358125527059073,0.00010424427035118679
4_10_SPEAKER_01,4,10,1,394,3308,72,5.472222222222222,1,4,15,1.0,0.4202830188679245,0.3155963297926662,0.42652599939576996,0.19207920792079208,0.09603960396039604,0.09603960396039604,0.0,5.351886540005352e-05,0.00022358125527059073,0.00010424427035118679
4_10_SPEAKER_02,4,10,2,51,3308,72,0.7083333333333334,2,0,3,1.0,0.4202830188679245,0.3155963297926662,0.42652599939576996,0.0297029702970297,0.01485148514851485,0.01485148514851485,0.0004950495049504951,7.072135785007072e-05,3.196308152029226e-05,2.9447845720953586e-05
4_10_SPEAKER_02,4,10,2,51,3308,72,0.7083333333333334,2,1,2,1.0,0.4202830188679245,0.3155963297926662,0.42652599939576996,0.0297029702970297,0.01485148514851485,0.01485148514851485,0.0004950495049504951,7.072135785007072e-05,3.196308152029226e-05,2.9447845720953586e-05
4_10_SPEAKER_02,4,10,2,51,3308,72,0.7083333333333334,2,2,2,1.0,0.4202830188679245,0.3155963297926662,0.42652599939576996,0.0297029702970297,0.01485148514851485,0.01485148514851485,0.0004950495049504951,7.072135785007072e-05,3.196308152029226e-05,2.9447845720953586e-05
4_10_SPEAKER_02,4,10,2,51,3308,72,0.7083333333333334,2,3,8,1.0,0.4202830188679245,0.3155963297926662,0.42652599939576996,0.0297029702970297,0.01485148514851485,0.01485148514851485,0.0004950495049504951,7.072135785007072e-05,3.196308152029226e-05,2.9447845720953586e-05
4_10_SPEAKER_02,4,10,2,51,3308,72,0.7083333333333334,2,4,1,1.0,0.4202830188679245,0.3155963297926662,0.42652599939576996,0.0297029702970297,0.01485148514851485,0.01485148514851485,0.0004950495049504951,7.072135785007072e-05,3.196308152029226e-05,2.9447845720953586e-05
4_10_SPEAKER_03,4,10,3,2141,3308,72,29.73611111111111,3,0,22,1.0,0.4202830188679245,0.3155963297926662,0.42652599939576996,0.35346534653465345,0.17673267326732672,0.17673267326732672,0.0,2.8288543140028288e-05,0.00036270501821088734,0.0001846861840516509
4_10_SPEAKER_03,4,10,3,2141,3308,72,29.73611111111111,3,1,42,1.0,0.4202830188679245,0.3155963297926662,0.42652599939576996,0.35346534653465345,0.17673267326732672,0.17673267326732672,0.0,2.8288543140028288e-05,0.00036270501821088734,0.0001846861840516509
4_10_SPEAKER_03,4,10,3,2141,3308,72,29.73611111111111,3,2,6,1.0,0.4202830188679245,0.3155963297926662,0.42652599939576996,0.35346534653465345,0.17673267326732672,0.17673267326732672,0.0,2.8288543140028288e-05,0.00036270501821088734,0.0001846861840516509
4_10_SPEAKER_03,4,10,3,2141,3308,72,29.73611111111111,3,3,106,1.0,0.4202830188679245,0.3155963297926662,0.42652599939576996,0.35346534653465345,0.17673267326732672,0.17673267326732672,0.0,2.8288543140028288e-05,0.00036270501821088734,0.0001846861840516509
4_10_SPEAKER_03,4,10,3,2141,3308,72,29.73611111111111,3,4,56,1.0,0.4202830188679245,0.3155963297926662,0.42652599939576996,0.35346534653465345,0.17673267326732672,0.17673267326732672,0.0,2.8288543140028288e-05,0.00036270501821088734,0.0001846861840516509
4_10_SPEAKER_04,4,10,4,432,3308,72,6.0,4,0,9,1.0,0.4202830188679245,0.3155963297926662,0.42652599939576996,0.1792079207920792,0.0896039603960396,0.0896039603960396,0.0,4.605111673958094e-05,0.00021795713976552575,9.86319655996671e-05
4_10_SPEAKER_04,4,10,4,432,3308,72,6.0,4,1,17,1.0,0.4202830188679245,0.3155963297926662,0.42652599939576996,0.1792079207920792,0.0896039603960396,0.0896039603960396,0.0,4.605111673958094e-05,0.00021795713976552575,9.86319655996671e-05
4_10_SPEAKER_04,4,10,4,432,3308,72,6.0,4,2,4,1.0,0.4202830188679245,0.3155963297926662,0.42652599939576996,0.1792079207920792,0.0896039603960396,0.0896039603960396,0.0,4.605111673958094e-05,0.00021795713976552575,9.86319655996671e-05
4_10_SPEAKER_04,4,10,4,432,3308,72,6.0,4,3,45,1.0,0.4202830188679245,0.3155963297926662,0.42652599939576996,0.1792079207920792,0.0896039603960396,0.0896039603960396,0.0,4.605111673958094e-05,0.00021795713976552575,9.86319655996671e-05
4_10_SPEAKER_04,4,10,4,432,3308,72,6.0,4,4,30,1.0,0.4202830188679245,0.3155963297926662,0.42652599939576996,0.1792079207920792,0.0896039603960396,0.0896039603960396,0.0,4.605111673958094e-05,0.00021795713976552575,9.86319655996671e-05
4_11_SPEAKER_00,4,11,0,710,6917,48,14.791666666666666,0,0,64,1.0,0.33659420289855074,0.2826516218034897,0.4604381618863974,0.09130434782608696,0.04565217391304348,0.04565217391304348,0.0,4.093998198640793e-06,4.636872889419237e-05,2.6342967780023468e-05
4_11_SPEAKER_00,4,11,0,710,6917,48,14.791666666666666,0,1,12,1.0,0.33659420289855074,0.2826516218034897,0.4604381618863974,0.09130434782608696,0.04565217391304348,0.04565217391304348,0.0,4.093998198640793e-06,4.636872889419237e-05,2.6342967780023468e-05
4_11_SPEAKER_00,4,11,0,710,6917,48,14.791666666666666,0,2,4,1.0,0.33659420289855074,0.2826516218034897,0.4604381618863974,0.09130434782608696,0.04565217391304348,0.04565217391304348,0.0,4.093998198640793e-06,4.636872889419237e-05,2.6342967780023468e-05
4_11_SPEAKER_00,4,11,0,710,6917,48,14.791666666666666,0,3,46,1.0,0.33659420289855074,0.2826516218034897,0.4604381618863974,0.09130434782608696,0.04565217391304348,0.04565217391304348,0.0,4.093998198640793e-06,4.636872889419237e-05,2.6342967780023468e-05
4_11_SPEAKER_00,4,11,0,710,6917,48,14.791666666666666,0,4,32,1.0,0.33659420289855074,0.2826516218034897,0.4604381618863974,0.09130434782608696,0.04565217391304348,0.04565217391304348,0.0,4.093998198640793e-06,4.636872889419237e-05,2.6342967780023468e-05
4_11_SPEAKER_01,4,11,1,474,6917,48,9.875,1,0,10,1.0,0.33659420289855074,0.2826516218034897,0.4604381618863974,0.07282608695652174,0.03641304347826087,0.03641304347826087,3.0193236714975845e-05,5.067396371744198e-06,3.3658254414030196e-05,2.255525804420376e-05
4_11_SPEAKER_01,4,11,1,474,6917,48,9.875,1,1,58,1.0,0.33659420289855074,0.2826516218034897,0.4604381618863974,0.07282608695652174,0.03641304347826087,0.03641304347826087,3.0193236714975845e-05,5.067396371744198e-06,3.3658254414030196e-05,2.255525804420376e-05
4_11_SPEAKER_01,4,11,1,474,6917,48,9.875,1,2,5,1.0,0.33659420289855074,0.2826516218034897,0.4604381618863974,0.07282608695652174,0.03641304347826087,0.03641304347826087,3.0193236714975845e-05,5.067396371744198e-06,3.3658254414030196e-05,2.255525804420376e-05
4_11_SPEAKER_01,4,11,1,474,6917,48,9.875,1,3,35,1.0,0.33659420289855074,0.2826516218034897,0.4604381618863974,0.07282608695652174,0.03641304347826087,0.03641304347826087,3.0193236714975845e-05,5.067396371744198e-06,3.3658254414030196e-05,2.255525804420376e-05
4_11_SPEAKER_01,4,11,1,474,6917,48,9.875,1,4,22,1.0,0.33659420289855074,0.2826516218034897,0.4604381618863974,0.07282608695652174,0.03641304347826087,0.03641304347826087,3.0193236714975845e-05,5.067396371744198e-06,3.3658254414030196e-05,2.255525804420376e-05
4_11_SPEAKER_02,4,11,2,298,6917,48,6.208333333333333,2,0,9,1.0,0.33659420289855074,0.2826516218034897,0.4604381618863974,0.0644927536231884,0.0322463768115942,0.0322463768115942,3.0193236714975845e-05,4.830917874396135e-06,3.449148489451049e-05,2.0156113436045e-05
4_11_SPEAKER_02,4,11,2,298,6917,48,6.208333333333333,2,1,8,1.0,0.33659420289855074,0.2826516218034897,0.4604381618863974,0.0644927536231884,0.0322463768115942,0.0322463768115942,3.0193236714975845e-05,4.830917874396135e-06,3.449148489451049e-05,2.0156113436045e-05
4_11_SPEAKER_02,4,11,2,298,6917,48,6.208333333333333,2,2,28,1.0,0.33659420289855074,0.2826516218034897,0.4604381618863974,0.0644927536231884,0.0322463768115942,0.0322463768115942,3.0193236714975845e-05,4.830917874396135e-06,3.449148489451049e-05,2.0156113436045e-05
4_11_SPEAKER_02,4,11,2,298,6917,48,6.208333333333333,2,3,34,1.0,0.33659420289855074,0.2826516218034897,0.4604381618863974,0.0644927536231884,0.0322463768115942,0.0322463768115942,3.0193236714975845e-05,4.830917874396135e-06,3.449148489451049e-05,2.0156113436045e-05
4_11_SPEAKER_02,4,11,2,298,6917,48,6.208333333333333,2,4,24,1.0,0.33659420289855074,0.2826516218034897,0.4604381618863974,0.0644927536231884,0.0322463768115942,0.0322463768115942,3.0193236714975845e-05,4.830917874396135e-06,3.449148489451049e-05,2.0156113436045e-05
4_11_SPEAKER_03,4,11,3,4263,6917,48,88.8125,3,0,48,1.0,0.33659420289855074,0.2826516218034897,0.4604381618863974,0.2539855072463768,0.1269927536231884,0.1269927536231884,0.0,2.2228149728816573e-06,0.00013051843901090587,6.349528155584075e-05
4_11_SPEAKER_03,4,11,3,4263,6917,48,88.8125,3,1,30,1.0,0.33659420289855074,0.2826516218034897,0.4604381618863974,0.2539855072463768,0.1269927536231884,0.1269927536231884,0.0,2.2228149728816573e-06,0.00013051843901090587,6.349528155584075e-05
4_11_SPEAKER_03,4,11,3,4263,6917,48,88.8125,3,2,36,1.0,0.33659420289855074,0.2826516218034897,0.4604381618863974,0.2539855072463768,0.1269927536231884,0.1269927536231884,0.0,2.2228149728816573e-06,0.00013051843901090587,6.349528155584075e-05
4_11_SPEAKER_03,4,11,3,4263,6917,48,88.8125,3,3,196,1.0,0.33659420289855074,0.2826516218034897,0.4604381618863974,0.2539855072463768,0.1269927536231884,0.1269927536231884,0.0,2.2228149728816573e-06,0.00013051843901090587,6.349528155584075e-05
4_11_SPEAKER_03,4,11,3,4263,6917,48,88.8125,3,4,138,1.0,0.33659420289855074,0.2826516218034897,0.4604381618863974,0.2539855072463768,0.1269927536231884,0.1269927536231884,0.0,2.2228149728816573e-06,0.00013051843901090587,6.349528155584075e-05
4_11_SPEAKER_04,4,11,4,1172,6917,48,24.416666666666668,4,0,27,1.0,0.33659420289855074,0.2826516218034897,0.4604381618863974,0.19057971014492753,0.09528985507246376,0.09528985507246376,0.0,2.7448397013614407e-06,0.00010635352837692719,4.860979947374214e-05
4_11_SPEAKER_04,4,11,4,1172,6917,48,24.416666666666668,4,1,21,1.0,0.33659420289855074,0.2826516218034897,0.4604381618863974,0.19057971014492753,0.09528985507246376,0.09528985507246376,0.0,2.7448397013614407e-06,0.00010635352837692719,4.860979947374214e-05
4_11_SPEAKER_04,4,11,4,1172,6917,48,24.416666666666668,4,2,30,1.0,0.33659420289855074,0.2826516218034897,0.4604381618863974,0.19057971014492753,0.09528985507246376,0.09528985507246376,0.0,2.7448397013614407e-06,0.00010635352837692719,4.860979947374214e-05
4_11_SPEAKER_04,4,11,4,1172,6917,48,24.416666666666668,4,3,138,1.0,0.33659420289855074,0.2826516218034897,0.4604381618863974,0.19057971014492753,0.09528985507246376,0.09528985507246376,0.0,2.7448397013614407e-06,0.00010635352837692719,4.860979947374214e-05
4_11_SPEAKER_04,4,11,4,1172,6917,48,24.416666666666668,4,4,94,1.0,0.33659420289855074,0.2826516218034897,0.4604381618863974,0.19057971014492753,0.09528985507246376,0.09528985507246376,0.0,2.7448397013614407e-06,0.00010635352837692719,4.860979947374214e-05
4_12_SPEAKER_00,4,12,0,722,6116,48,15.041666666666666,0,0,100,1.0,0.5926751592356688,0.14835948634211163,0.724993342399979,0.28346456692913385,0.14173228346456693,0.14173228346456693,0.0,6.507451031430989e-06,0.0001653800460580751,7.617041181975382e-05
4_12_SPEAKER_00,4,12,0,722,6116,48,15.041666666666666,0,1,44,1.0,0.5926751592356688,0.14835948634211163,0.724993342399979,0.28346456692913385,0.14173228346456693,0.14173228346456693,0.0,6.507451031430989e-06,0.0001653800460580751,7.617041181975382e-05
4_12_SPEAKER_00,4,12,0,722,6116,48,15.041666666666666,0,2,6,1.0,0.5926751592356688,0.14835948634211163,0.724993342399979,0.28346456692913385,0.14173228346456693,0.14173228346456693,0.0,6.507451031430989e-06,0.0001653800460580751,7.617041181975382e-05
4_12_SPEAKER_00,4,12,0,722,6116,48,15.041666666666666,0,3,50,1.0,0.5926751592356688,0.14835948634211163,0.724993342399979,0.28346456692913385,0.14173228346456693,0.14173228346456693,0.0,6.507451031430989e-06,0.0001653800460580751,7.617041181975382e-05
4_12_SPEAKER_00,4,12,0,722,6116,48,15.041666666666666,0,4,30,1.0,0.5926751592356688,0.14835948634211163,0.724993342399979,0.28346456692913385,0.14173228346456693,0.14173228346456693,0.0,6.507451031430989e-06,0.0001653800460580751,7.617041181975382e-05
4_12_SPEAKER_01,4,12,1,884,6116,48,18.416666666666668,1,0,35,1.0,0.5926751592356688,0.14835948634211163,0.724993342399979,0.31811023622047246,0.15905511811023623,0.15905511811023623,0.0,5.3383157613772855e-06,0.00018532214770681062,8.431910583833602e-05
4_12_SPEAKER_01,4,12,1,884,6116,48,18.416666666666668,1,1,104,1.0,0.5926751592356688,0.14835948634211163,0.724993342399979,0.31811023622047246,0.15905511811023623,0.15905511811023623,0.0,5.3383157613772855e-06,0.00018532214770681062,8.431910583833602e-05
4_12_SPEAKER_01,4,12,1,884,6116,48,18.416666666666668,1,2,30,1.0,0.5926751592356688,0.14835948634211163,0.724993342399979,0.31811023622047246,0.15905511811023623,0.15905511811023623,0.0,5.3383157613772855e-06,0.00018532214770681062,8.431910583833602e-05
4_12_SPEAKER_01,4,12,1,884,6116,48,18.416666666666668,1,3,64,1.0,0.5926751592356688,0.14835948634211163,0.724993342399979,0.31811023622047246,0.15905511811023623,0.15905511811023623,0.0,5.3383157613772855e-06,0.00018532214770681062,8.431910583833602e-05
4_12_SPEAKER_01,4,12,1,884,6116,48,18.416666666666668,1,4,21,1.0,0.5926751592356688,0.14835948634211163,0.724993342399979,0.31811023622047246,0.15905511811023623,0.15905511811023623,0.0,5.3383157613772855e-06,0.00018532214770681062,8.431910583833602e-05
4_12_SPEAKER_02,4,12,2,516,6116,48,10.75,2,0,13,1.0,0.5926751592356688,0.14835948634211163,0.724993342399979,0.18031496062992125,0.09015748031496063,0.09015748031496063,0.0001968503937007874,8.512449457331348e-06,0.00010311068357438309,5.318312372596984e-05
4_12_SPEAKER_02,4,12,2,516,6116,48,10.75,2,1,25,1.0,0.5926751592356688,0.14835948634211163,0.724993342399979,0.18031496062992125,0.09015748031496063,0.09015748031496063,0.0001968503937007874,8.512449457331348e-06,0.00010311068357438309,5.318312372596984e-05
4_12_SPEAKER_02,4,12,2,516,6116,48,10.75,2,2,44,1.0,0.5926751592356688,0.14835948634211163,0.724993342399979,0.18031496062992125,0.09015748031496063,0.09015748031496063,0.0001968503937007874,8.512449457331348e-06,0.00010311068357438309,5.318312372596984e-05
4_12_SPEAKER_02,4,12,2,516,6116,48,10.75,2,3,42,1.0,0.5926751592356688,0.14835948634211163,0.724993342399979,0.18031496062992125,0.09015748031496063,0.09015748031496063,0.0001968503937007874,8.512449457331348e-06,0.00010311068357438309,5.318312372596984e-05
4_12_SPEAKER_02,4,12,2,516,6116,48,10.75,2,4,13,1.0,0.5926751592356688,0.14835948634211163,0.724993342399979,0.18031496062992125,0.09015748031496063,0.09015748031496063,0.0001968503937007874,8.512449457331348e-06,0.00010311068357438309,5.318312372596984e-05
4_12_SPEAKER_03,4,12,3,3285,6116,48,68.4375,3,0,54,1.0,0.5926751592356688,0.14835948634211163,0.724993342399979,0.4519685039370079,0.22598425196850394,0.22598425196850394,0.0,3.850374448915157e-06,0.0002534894992524194,0.00011543854294863751
4_12_SPEAKER_03,4,12,3,3285,6116,48,68.4375,3,1,63,1.0,0.5926751592356688,0.14835948634211163,0.724993342399979,0.4519685039370079,0.22598425196850394,0.22598425196850394,0.0,3.850374448915157e-06,0.0002534894992524194,0.00011543854294863751
4_12_SPEAKER_03,4,12,3,3285,6116,48,68.4375,3,2,35,1.0,0.5926751592356688,0.14835948634211163,0.724993342399979,0.4519685039370079,0.22598425196850394,0.22598425196850394,0.0,3.850374448915157e-06,0.0002534894992524194,0.00011543854294863751
4_12_SPEAKER_03,4,12,3,3285,6116,48,68.4375,3,3,157,1.0,0.5926751592356688,0.14835948634211163,0.724993342399979,0.4519685039370079,0.22598425196850394,0.22598425196850394,0.0,3.850374448915157e-06,0.0002534894992524194,0.00011543854294863751
4_12_SPEAKER_03,4,12,3,3285,6116,48,68.4375,3,4,56,1.0,0.5926751592356688,0.14835948634211163,0.724993342399979,0.4519685039370079,0.22598425196850394,0.22598425196850394,0.0,3.850374448915157e-06,0.0002534894992524194,0.00011543854294863751
4_12_SPEAKER_04,4,12,4,709,6116,48,14.770833333333334,4,0,28,1.0,0.5926751592356688,0.14835948634211163,0.724993342399979,0.231496062992126,0.115748031496063,0.115748031496063,0.0,6.701289998324678e-06,0.00013570818927892734,6.458960306887759e-05
4_12_SPEAKER_04,4,12,4,709,6116,48,14.770833333333334,4,1,18,1.0,0.5926751592356688,0.14835948634211163,0.724993342399979,0.231496062992126,0.115748031496063,0.115748031496063,0.0,6.701289998324678e-06,0.00013570818927892734,6.458960306887759e-05
4_12_SPEAKER_04,4,12,4,709,6116,48,14.770833333333334,4,2,21,1.0,0.5926751592356688,0.14835948634211163,0.724993342399979,0.231496062992126,0.115748031496063,0.115748031496063,0.0,6.701289998324678e-06,0.00013570818927892734,6.458960306887759e-05
4_12_SPEAKER_04,4,12,4,709,6116,48,14.770833333333334,4,3,53,1.0,0.5926751592356688,0.14835948634211163,0.724993342399979,0.231496062992126,0.115748031496063,0.115748031496063,0.0,6.701289998324678e-06,0.00013570818927892734,6.458960306887759e-05
4_12_SPEAKER_04,4,12,4,709,6116,48,14.770833333333334,4,4,54,1.0,0.5926751592356688,0.14835948634211163,0.724993342399979,0.231496062992126,0.115748031496063,0.115748031496063,0.0,6.701289998324678e-06,0.00013570818927892734,6.458960306887759e-05
4_13_SPEAKER_00,4,13,0,4,481,24,0.16666666666666666,0,0,0,0.7,0.2571428571428571,0.4072727235702479,0.2569884821199072,0.007142857142857143,0.0035714285714285713,0.0035714285714285713,0.0,0.00035714285714285714,4.706507410980927e-05,7.397141460594647e-05
4_13_SPEAKER_00,4,13,0,4,481,24,0.16666666666666666,0,1,0,0.7,0.2571428571428571,0.4072727235702479,0.2569884821199072,0.007142857142857143,0.0035714285714285713,0.0035714285714285713,0.0,0.00035714285714285714,4.706507410980927e-05,7.397141460594647e-05
4_13_SPEAKER_00,4,13,0,4,481,24,0.16666666666666666,0,2,0,0.7,0.2571428571428571,0.4072727235702479,0.2569884821199072,0.007142857142857143,0.0035714285714285713,0.0035714285714285713,0.0,0.00035714285714285714,4.706507410980927e-05,7.397141460594647e-05
4_13_SPEAKER_00,4,13,0,4,481,24,0.16666666666666666,0,3,0,0.7,0.2571428571428571,0.4072727235702479,0.2569884821199072,0.007142857142857143,0.0035714285714285713,0.0035714285714285713,0.0,0.00035714285714285714,4.706507410980927e-05,7.397141460594647e-05
4_13_SPEAKER_00,4,13,0,4,481,24,0.16666666666666666,0,4,1,0.7,0.2571428571428571,0.4072727235702479,0.2569884821199072,0.007142857142857143,0.0035714285714285713,0.0035714285714285713,0.0,0.00035714285714285714,4.706507410980927e-05,7.397141460594647e-05
4_13_SPEAKER_01,4,13,1,26,481,24,1.0833333333333333,1,0,0,0.7,0.2571428571428571,0.4072727235702479,0.2569884821199072,0.03571428571428571,0.017857142857142856,0.017857142857142856,0.0013392857142857143,0.0005952380952380952,0.00020871642632418197,0.00015950178745570182
4_13_SPEAKER_01,4,13,1,26,481,24,1.0833333333333333,1,1,2,0.7,0.2571428571428571,0.4072727235702479,0.2569884821199072,0.03571428571428571,0.017857142857142856,0.017857142857142856,0.0013392857142857143,0.0005952380952380952,0.00020871642632418197,0.00015950178745570182
4_13_SPEAKER_01,4,13,1,26,481,24,1.0833333333333333,1,2,0,0.7,0.2571428571428571,0.4072727235702479,0.2569884821199072,0.03571428571428571,0.017857142857142856,0.017857142857142856,0.0013392857142857143,0.0005952380952380952,0.00020871642632418197,0.00015950178745570182
4_13_SPEAKER_01,4,13,1,26,481,24,1.0833333333333333,1,3,3,0.7,0.2571428571428571,0.4072727235702479,0.2569884821199072,0.03571428571428571,0.017857142857142856,0.017857142857142856,0.0013392857142857143,0.0005952380952380952,0.00020871642632418197,0.00015950178745570182
4_13_SPEAKER_01,4,13,1,26,481,24,1.0833333333333333,1,4,1,0.7,0.2571428571428571,0.4072727235702479,0.2569884821199072,0.03571428571428571,0.017857142857142856,0.017857142857142856,0.0013392857142857143,0.0005952380952380952,0.00020871642632418197,0.00015950178745570182
4_13_SPEAKER_02,4,13,2,28,481,24,1.1666666666666667,2,0,0,0.7,0.2571428571428571,0.4072727235702479,0.2569884821199072,0.08214285714285714,0.04107142857142857,0.04107142857142857,0.0,0.0004761904761904762,0.0004865287089300558,0.0002901780043879345
4_13_SPEAKER_02,4,13,2,28,481,24,1.1666666666666667,2,1,1,0.7,0.2571428571428571,0.4072727235702479,0.2569884821199072,0.08214285714285714,0.04107142857142857,0.04107142857142857,0.0,0.0004761904761904762,0.0004865287089300558,0.0002901780043879345
4_13_SPEAKER_02,4,13,2,28,481,24,1.1666666666666667,2,2,5,0.7,0.2571428571428571,0.4072727235702479,0.2569884821199072,0.08214285714285714,0.04107142857142857,0.04107142857142857,0.0,0.0004761904761904762,0.0004865287089300558,0.0002901780043879345
4_13_SPEAKER_02,4,13,2,28,481,24,1.1666666666666667,2,3,2,0.7,0.2571428571428571,0.4072727235702479,0.2569884821199072,0.08214285714285714,0.04107142857142857,0.04107142857142857,0.0,0.0004761904761904762,0.0004865287089300558,0.0002901780043879345
4_13_SPEAKER_02,4,13,2,28,481,24,1.1666666666666667,2,4,6,0.7,0.2571428571428571,0.4072727235702479,0.2569884821199072,0.08214285714285714,0.04107142857142857,0.04107142857142857,0.0,0.0004761904761904762,0.0004865287089300558,0.0002901780043879345
4_13_SPEAKER_03,4,13,3,349,481,24,14.541666666666666,3,0,0,0.7,0.2571428571428571,0.4072727235702479,0.2569884821199072,0.21071428571428572,0.10535714285714286,0.10535714285714286,0.0,0.0002645502645502645,0.001313024451397798,0.0006620675805090935
4_13_SPEAKER_03,4,13,3,349,481,24,14.541666666666666,3,1,2,0.7,0.2571428571428571,0.4072727235702479,0.2569884821199072,0.21071428571428572,0.10535714285714286,0.10535714285714286,0.0,0.0002645502645502645,0.001313024451397798,0.0006620675805090935
4_13_SPEAKER_03,4,13,3,349,481,24,14.541666666666666,3,2,4,0.7,0.2571428571428571,0.4072727235702479,0.2569884821199072,0.21071428571428572,0.10535714285714286,0.10535714285714286,0.0,0.0002645502645502645,0.001313024451397798,0.0006620675805090935
4_13_SPEAKER_03,4,13,3,349,481,24,14.541666666666666,3,3,20,0.7,0.2571428571428571,0.4072727235702479,0.2569884821199072,0.21071428571428572,0.10535714285714286,0.10535714285714286,0.0,0.0002645502645502645,0.001313024451397798,0.0006620675805090935
4_13_SPEAKER_03,4,13,3,349,481,24,14.541666666666666,3,4,14,0.7,0.2571428571428571,0.4072727235702479,0.2569884821199072,0.21071428571428572,0.10535714285714286,0.10535714285714286,0.0,0.0002645502645502645,0.001313024451397798,0.0006620675805090935
4_13_SPEAKER_04,4,13,4,74,481,24,3.0833333333333335,4,0,1,0.7,0.2571428571428571,0.4072727235702479,0.2569884821199072,0.17857142857142858,0.08928571428571429,0.08928571428571429,0.0008928571428571428,0.000510204081632653,0.0010873152476646077,0.0005999954987556104
4_13_SPEAKER_04,4,13,4,74,481,24,3.0833333333333335,4,1,1,0.7,0.2571428571428571,0.4072727235702479,0.2569884821199072,0.17857142857142858,0.08928571428571429,0.08928571428571429,0.0008928571428571428,0.000510204081632653,0.0010873152476646077,0.0005999954987556104
4_13_SPEAKER_04,4,13,4,74,481,24,3.0833333333333335,4,2,5,0.7,0.2571428571428571,0.4072727235702479,0.2569884821199072,0.17857142857142858,0.08928571428571429,0.08928571428571429,0.0008928571428571428,0.000510204081632653,0.0010873152476646077,0.0005999954987556104
4_13_SPEAKER_04,4,13,4,74,481,24,3.0833333333333335,4,3,14,0.7,0.2571428571428571,0.4072727235702479,0.2569884821199072,0.17857142857142858,0.08928571428571429,0.08928571428571429,0.0008928571428571428,0.000510204081632653,0.0010873152476646077,0.0005999954987556104
4_13_SPEAKER_04,4,13,4,74,481,24,3.0833333333333335,4,4,7,0.7,0.2571428571428571,0.4072727235702479,0.2569884821199072,0.17857142857142858,0.08928571428571429,0.08928571428571429,0.0008928571428571428,0.000510204081632653,0.0010873152476646077,0.0005999954987556104
4_14_SPEAKER_00,4,14,0,53,658,24,2.2083333333333335,0,0,4,1.0,0.4043478260869565,0.2410958887596172,0.5655136567903094,0.08260869565217391,0.041304347826086954,0.041304347826086954,0.0016304347826086956,0.0007905138339920949,0.0004200189949620464,0.0002567266749407894
4_14_SPEAKER_00,4,14,0,53,658,24,2.2083333333333335,0,1,1,1.0,0.4043478260869565,0.2410958887596172,0.5655136567903094,0.08260869565217391,0.041304347826086954,0.041304347826086954,0.0016304347826086956,0.0007905138339920949,0.0004200189949620464,0.0002567266749407894
4_14_SPEAKER_00,4,14,0,53,658,24,2.2083333333333335,0,2,1,1.0,0.4043478260869565,0.2410958887596172,0.5655136567903094,0.08260869565217391,0.041304347826086954,0.041304347826086954,0.0016304347826086956,0.0007905138339920949,0.0004200189949620464,0.0002567266749407894
4_14_SPEAKER_00,4,14,0,53,658,24,2.2083333333333335,0,3,4,1.0,0.4043478260869565,0.2410958887596172,0.5655136567903094,0.08260869565217391,0.041304347826086954,0.041304347826086954,0.0016304347826086956,0.0007905138339920949,0.0004200189949620464,0.0002567266749407894
4_14_SPEAKER_00,4,14,0,53,658,24,2.2083333333333335,0,4,1,1.0,0.4043478260869565,0.2410958887596172,0.5655136567903094,0.08260869565217391,0.041304347826086954,0.041304347826086954,0.0016304347826086956,0.0007905138339920949,0.0004200189949620464,0.0002567266749407894
4_14_SPEAKER_01,4,14,1,52,658,24,2.1666666666666665,1,0,2,1.0,0.4043478260869565,0.2410958887596172,0.5655136567903094,0.14347826086956522,0.07173913043478261,0.07173913043478261,0.0,0.0004347826086956522,0.000735172248806221,0.0003963640409479328
4_14_SPEAKER_01,4,14,1,52,658,24,2.1666666666666665,1,1,7,1.0,0.4043478260869565,0.2410958887596172,0.5655136567903094,0.14347826086956522,0.07173913043478261,0.07173913043478261,0.0,0.0004347826086956522,0.000735172248806221,0.0003963640409479328
4_14_SPEAKER_01,4,14,1,52,658,24,2.1666666666666665,1,2,3,1.0,0.4043478260869565,0.2410958887596172,0.5655136567903094,0.14347826086956522,0.07173913043478261,0.07173913043478261,0.0,0.0004347826086956522,0.000735172248806221,0.0003963640409479328
4_14_SPEAKER_01,4,14,1,52,658,24,2.1666666666666665,1,3,5,1.0,0.4043478260869565,0.2410958887596172,0.5655136567903094,0.14347826086956522,0.07173913043478261,0.07173913043478261,0.0,0.0004347826086956522,0.000735172248806221,0.0003963640409479328
4_14_SPEAKER_01,4,14,1,52,658,24,2.1666666666666665,1,4,3,1.0,0.4043478260869565,0.2410958887596172,0.5655136567903094,0.14347826086956522,0.07173913043478261,0.07173913043478261,0.0,0.0004347826086956522,0.000735172248806221,0.0003963640409479328
4_14_SPEAKER_02,4,14,2,55,658,24,2.2916666666666665,2,0,0,1.0,0.4043478260869565,0.2410958887596172,0.5655136567903094,0.10434782608695652,0.05217391304347826,0.05217391304347826,0.0009057971014492753,0.0007246376811594203,0.0005790442725406236,0.0003026537820720755
4_14_SPEAKER_02,4,14,2,55,658,24,2.2916666666666665,2,1,4,1.0,0.4043478260869565,0.2410958887596172,0.5655136567903094,0.10434782608695652,0.05217391304347826,0.05217391304347826,0.0009057971014492753,0.0007246376811594203,0.0005790442725406236,0.0003026537820720755
4_14_SPEAKER_02,4,14,2,55,658,24,2.2916666666666665,2,2,4,1.0,0.4043478260869565,0.2410958887596172,0.5655136567903094,0.10434782608695652,0.05217391304347826,0.05217391304347826,0.0009057971014492753,0.0007246376811594203,0.0005790442725406236,0.0003026537820720755
4_14_SPEAKER_02,4,14,2,55,658,24,2.2916666666666665,2,3,5,1.0,0.4043478260869565,0.2410958887596172,0.5655136567903094,0.10434782608695652,0.05217391304347826,0.05217391304347826,0.0009057971014492753,0.0007246376811594203,0.0005790442725406236,0.0003026537820720755
4_14_SPEAKER_02,4,14,2,55,658,24,2.2916666666666665,2,4,1,1.0,0.4043478260869565,0.2410958887596172,0.5655136567903094,0.10434782608695652,0.05217391304347826,0.05217391304347826,0.0009057971014492753,0.0007246376811594203,0.0005790442725406236,0.0003026537820720755
4_14_SPEAKER_03,4,14,3,381,658,24,15.875,3,0,1,1.0,0.4043478260869565,0.2410958887596172,0.5655136567903094,0.2956521739130435,0.14782608695652175,0.14782608695652175,0.0,0.0003344481605351171,0.0015574454901023523,0.0007415572265502556
4_14_SPEAKER_03,4,14,3,381,658,24,15.875,3,1,6,1.0,0.4043478260869565,0.2410958887596172,0.5655136567903094,0.2956521739130435,0.14782608695652175,0.14782608695652175,0.0,0.0003344481605351171,0.0015574454901023523,0.0007415572265502556
4_14_SPEAKER_03,4,14,3,381,658,24,15.875,3,2,6,1.0,0.4043478260869565,0.2410958887596172,0.5655136567903094,0.2956521739130435,0.14782608695652175,0.14782608695652175,0.0,0.0003344481605351171,0.0015574454901023523,0.0007415572265502556
4_14_SPEAKER_03,4,14,3,381,658,24,15.875,3,3,18,1.0,0.4043478260869565,0.2410958887596172,0.5655136567903094,0.2956521739130435,0.14782608695652175,0.14782608695652175,0.0,0.0003344481605351171,0.0015574454901023523,0.0007415572265502556
4_14_SPEAKER_03,4,14,3,381,658,24,15.875,3,4,12,1.0,0.4043478260869565,0.2410958887596172,0.5655136567903094,0.2956521739130435,0.14782608695652175,0.14782608695652175,0.0,0.0003344481605351171,0.0015574454901023523,0.0007415572265502556
4_14_SPEAKER_04,4,14,4,117,658,24,4.875,4,0,5,1.0,0.4043478260869565,0.2410958887596172,0.5655136567903094,0.1826086956521739,0.09130434782608696,0.09130434782608696,0.0,0.0005797101449275362,0.0011171727730565826,0.000476611318967208
4_14_SPEAKER_04,4,14,4,117,658,24,4.875,4,1,2,1.0,0.4043478260869565,0.2410958887596172,0.5655136567903094,0.1826086956521739,0.09130434782608696,0.09130434782608696,0.0,0.0005797101449275362,0.0011171727730565826,0.000476611318967208
4_14_SPEAKER_04,4,14,4,117,658,24,4.875,4,2,0,1.0,0.4043478260869565,0.2410958887596172,0.5655136567903094,0.1826086956521739,0.09130434782608696,0.09130434782608696,0.0,0.0005797101449275362,0.0011171727730565826,0.000476611318967208
4_14_SPEAKER_04,4,14,4,117,658,24,4.875,4,3,11,1.0,0.4043478260869565,0.2410958887596172,0.5655136567903094,0.1826086956521739,0.09130434782608696,0.09130434782608696,0.0,0.0005797101449275362,0.0011171727730565826,0.000476611318967208
4_14_SPEAKER_04,4,14,4,117,658,24,4.875,4,4,7,1.0,0.4043478260869565,0.2410958887596172,0.5655136567903094,0.1826086956521739,0.09130434782608696,0.09130434782608696,0.0,0.0005797101449275362,0.0011171727730565826,0.000476611318967208
4_15_SPEAKER_00,4,15,0,488,2800,48,10.166666666666666,0,0,44,1.0,0.5,0.21176470549307955,0.6192411624301503,0.2267605633802817,0.11338028169014085,0.11338028169014085,0.0,3.9674667724657806e-05,0.0003135139919128714,0.000152675765536513
4_15_SPEAKER_00,4,15,0,488,2800,48,10.166666666666666,0,1,13,1.0,0.5,0.21176470549307955,0.6192411624301503,0.2267605633802817,0.11338028169014085,0.11338028169014085,0.0,3.9674667724657806e-05,0.0003135139919128714,0.000152675765536513
4_15_SPEAKER_00,4,15,0,488,2800,48,10.166666666666666,0,2,7,1.0,0.5,0.21176470549307955,0.6192411624301503,0.2267605633802817,0.11338028169014085,0.11338028169014085,0.0,3.9674667724657806e-05,0.0003135139919128714,0.000152675765536513
4_15_SPEAKER_00,4,15,0,488,2800,48,10.166666666666666,0,3,16,1.0,0.5,0.21176470549307955,0.6192411624301503,0.2267605633802817,0.11338028169014085,0.11338028169014085,0.0,3.9674667724657806e-05,0.0003135139919128714,0.000152675765536513
4_15_SPEAKER_00,4,15,0,488,2800,48,10.166666666666666,0,4,22,1.0,0.5,0.21176470549307955,0.6192411624301503,0.2267605633802817,0.11338028169014085,0.11338028169014085,0.0,3.9674667724657806e-05,0.0003135139919128714,0.000152675765536513
4_15_SPEAKER_01,4,15,1,256,2800,48,5.333333333333333,1,0,11,1.0,0.5,0.21176470549307955,0.6192411624301503,0.1591549295774648,0.0795774647887324,0.0795774647887324,0.0,4.471272076905879e-05,0.00021144892511528815,0.00011478691301923324
4_15_SPEAKER_01,4,15,1,256,2800,48,5.333333333333333,1,1,31,1.0,0.5,0.21176470549307955,0.6192411624301503,0.1591549295774648,0.0795774647887324,0.0795774647887324,0.0,4.471272076905879e-05,0.00021144892511528815,0.00011478691301923324
4_15_SPEAKER_01,4,15,1,256,2800,48,5.333333333333333,1,2,3,1.0,0.5,0.21176470549307955,0.6192411624301503,0.1591549295774648,0.0795774647887324,0.0795774647887324,0.0,4.471272076905879e-05,0.00021144892511528815,0.00011478691301923324
4_15_SPEAKER_01,4,15,1,256,2800,48,5.333333333333333,1,3,20,1.0,0.5,0.21176470549307955,0.6192411624301503,0.1591549295774648,0.0795774647887324,0.0795774647887324,0.0,4.471272076905879e-05,0.00021144892511528815,0.00011478691301923324
4_15_SPEAKER_01,4,15,1,256,2800,48,5.333333333333333,1,4,7,1.0,0.5,0.21176470549307955,0.6192411624301503,0.1591549295774648,0.0795774647887324,0.0795774647887324,0.0,4.471272076905879e-05,0.00021144892511528815,0.00011478691301923324
4_15_SPEAKER_02,4,15,2,128,2800,48,2.6666666666666665,2,0,2,1.0,0.5,0.21176470549307955,0.6192411624301503,0.07887323943661972,0.03943661971830986,0.03943661971830986,0.0005868544600938966,6.402048655569783e-05,9.686180276051642e-05,6.909602717552662e-05
4_15_SPEAKER_02,4,15,2,128,2800,48,2.6666666666666665,2,1,6,1.0,0.5,0.21176470549307955,0.6192411624301503,0.07887323943661972,0.03943661971830986,0.03943661971830986,0.0005868544600938966,6.402048655569783e-05,9.686180276051642e-05,6.909602717552662e-05
4_15_SPEAKER_02,4,15,2,128,2800,48,2.6666666666666665,2,2,12,1.0,0.5,0.21176470549307955,0.6192411624301503,0.07887323943661972,0.03943661971830986,0.03943661971830986,0.0005868544600938966,6.402048655569783e-05,9.686180276051642e-05,6.909602717552662e-05
4_15_SPEAKER_02,4,15,2,128,2800,48,2.6666666666666665,2,3,8,1.0,0.5,0.21176470549307955,0.6192411624301503,0.07887323943661972,0.03943661971830986,0.03943661971830986,0.0005868544600938966,6.402048655569783e-05,9.686180276051642e-05,6.909602717552662e-05
4_15_SPEAKER_02,4,15,2,128,2800,48,2.6666666666666665,2,4,6,1.0,0.5,0.21176470549307955,0.6192411624301503,0.07887323943661972,0.03943661971830986,0.03943661971830986,0.0005868544600938966,6.402048655569783e-05,9.686180276051642e-05,6.909602717552662e-05
4_15_SPEAKER_03,4,15,3,1530,2800,48,31.875,3,0,20,1.0,0.5,0.21176470549307955,0.6192411624301503,0.3211267605633803,0.16056338028169015,0.16056338028169015,0.0,3.393857118615306e-05,0.00046311083182046773,0.00020672884975227055
4_15_SPEAKER_03,4,15,3,1530,2800,48,31.875,3,1,15,1.0,0.5,0.21176470549307955,0.6192411624301503,0.3211267605633803,0.16056338028169015,0.16056338028169015,0.0,3.393857118615306e-05,0.00046311083182046773,0.00020672884975227055
4_15_SPEAKER_03,4,15,3,1530,2800,48,31.875,3,2,5,1.0,0.5,0.21176470549307955,0.6192411624301503,0.3211267605633803,0.16056338028169015,0.16056338028169015,0.0,3.393857118615306e-05,0.00046311083182046773,0.00020672884975227055
4_15_SPEAKER_03,4,15,3,1530,2800,48,31.875,3,3,73,1.0,0.5,0.21176470549307955,0.6192411624301503,0.3211267605633803,0.16056338028169015,0.16056338028169015,0.0,3.393857118615306e-05,0.00046311083182046773,0.00020672884975227055
4_15_SPEAKER_03,4,15,3,1530,2800,48,31.875,3,4,38,1.0,0.5,0.21176470549307955,0.6192411624301503,0.3211267605633803,0.16056338028169015,0.16056338028169015,0.0,3.393857118615306e-05,0.00046311083182046773,0.00020672884975227055
4_15_SPEAKER_04,4,15,4,398,2800,48,8.291666666666666,4,0,26,1.0,0.5,0.21176470549307955,0.6192411624301503,0.24225352112676057,0.12112676056338029,0.12112676056338029,0.0,3.7558685446009395e-05,0.0003592740237161671,0.0001609377966291326
4_15_SPEAKER_04,4,15,4,398,2800,48,8.291666666666666,4,1,7,1.0,0.5,0.21176470549307955,0.6192411624301503,0.24225352112676057,0.12112676056338029,0.12112676056338029,0.0,3.7558685446009395e-05,0.0003592740237161671,0.0001609377966291326
4_15_SPEAKER_04,4,15,4,398,2800,48,8.291666666666666,4,2,7,1.0,0.5,0.21176470549307955,0.6192411624301503,0.24225352112676057,0.12112676056338029,0.12112676056338029,0.0,3.7558685446009395e-05,0.0003592740237161671,0.0001609377966291326
4_15_SPEAKER_04,4,15,4,398,2800,48,8.291666666666666,4,3,33,1.0,0.5,0.21176470549307955,0.6192411624301503,0.24225352112676057,0.12112676056338029,0.12112676056338029,0.0,3.7558685446009395e-05,0.0003592740237161671,0.0001609377966291326
4_15_SPEAKER_04,4,15,4,398,2800,48,8.291666666666666,4,4,26,1.0,0.5,0.21176470549307955,0.6192411624301503,0.24225352112676057,0.12112676056338029,0.12112676056338029,0.0,3.7558685446009395e-05,0.0003592740237161671,0.0001609377966291326
4_16_SPEAKER_00,4,16,0,430,3640,48,8.958333333333334,0,0,57,1.0,0.4407894736842105,0.2898071621352519,0.45453154148584296,0.1631578947368421,0.08157894736842106,0.08157894736842106,0.0,2.139495079161318e-05,0.00016863120622571696,8.105328894979158e-05
4_16_SPEAKER_00,4,16,0,430,3640,48,8.958333333333334,0,1,2,1.0,0.4407894736842105,0.2898071621352519,0.45453154148584296,0.1631578947368421,0.08157894736842106,0.08157894736842106,0.0,2.139495079161318e-05,0.00016863120622571696,8.105328894979158e-05
4_16_SPEAKER_00,4,16,0,430,3640,48,8.958333333333334,0,2,5,1.0,0.4407894736842105,0.2898071621352519,0.45453154148584296,0.1631578947368421,0.08157894736842106,0.08157894736842106,0.0,2.139495079161318e-05,0.00016863120622571696,8.105328894979158e-05
4_16_SPEAKER_00,4,16,0,430,3640,48,8.958333333333334,0,3,39,1.0,0.4407894736842105,0.2898071621352519,0.45453154148584296,0.1631578947368421,0.08157894736842106,0.08157894736842106,0.0,2.139495079161318e-05,0.00016863120622571696,8.105328894979158e-05
4_16_SPEAKER_00,4,16,0,430,3640,48,8.958333333333334,0,4,18,1.0,0.4407894736842105,0.2898071621352519,0.45453154148584296,0.1631578947368421,0.08157894736842106,0.08157894736842106,0.0,2.139495079161318e-05,0.00016863120622571696,8.105328894979158e-05
4_16_SPEAKER_01,4,16,1,321,3640,48,6.6875,1,0,7,1.0,0.4407894736842105,0.2898071621352519,0.45453154148584296,0.09473684210526316,0.04736842105263158,0.04736842105263158,0.0002192982456140351,2.7847396268448898e-05,8.896752755633492e-05,5.44600912789146e-05
4_16_SPEAKER_01,4,16,1,321,3640,48,6.6875,1,1,38,1.0,0.4407894736842105,0.2898071621352519,0.45453154148584296,0.09473684210526316,0.04736842105263158,0.04736842105263158,0.0002192982456140351,2.7847396268448898e-05,8.896752755633492e-05,5.44600912789146e-05
4_16_SPEAKER_01,4,16,1,321,3640,48,6.6875,1,2,1,1.0,0.4407894736842105,0.2898071621352519,0.45453154148584296,0.09473684210526316,0.04736842105263158,0.04736842105263158,0.0002192982456140351,2.7847396268448898e-05,8.896752755633492e-05,5.44600912789146e-05
4_16_SPEAKER_01,4,16,1,321,3640,48,6.6875,1,3,26,1.0,0.4407894736842105,0.2898071621352519,0.45453154148584296,0.09473684210526316,0.04736842105263158,0.04736842105263158,0.0002192982456140351,2.7847396268448898e-05,8.896752755633492e-05,5.44600912789146e-05
4_16_SPEAKER_01,4,16,1,321,3640,48,6.6875,1,4,1,1.0,0.4407894736842105,0.2898071621352519,0.45453154148584296,0.09473684210526316,0.04736842105263158,0.04736842105263158,0.0002192982456140351,2.7847396268448898e-05,8.896752755633492e-05,5.44600912789146e-05
4_16_SPEAKER_02,4,16,2,136,3640,48,2.8333333333333335,2,0,5,1.0,0.4407894736842105,0.2898071621352519,0.45453154148584296,0.0780701754385965,0.03903508771929825,0.03903508771929825,0.0002192982456140351,2.7412280701754386e-05,7.899538357292108e-05,4.631754878288189e-05
4_16_SPEAKER_02,4,16,2,136,3640,48,2.8333333333333335,2,1,4,1.0,0.4407894736842105,0.2898071621352519,0.45453154148584296,0.0780701754385965,0.03903508771929825,0.03903508771929825,0.0002192982456140351,2.7412280701754386e-05,7.899538357292108e-05,4.631754878288189e-05
4_16_SPEAKER_02,4,16,2,136,3640,48,2.8333333333333335,2,2,15,1.0,0.4407894736842105,0.2898071621352519,0.45453154148584296,0.0780701754385965,0.03903508771929825,0.03903508771929825,0.0002192982456140351,2.7412280701754386e-05,7.899538357292108e-05,4.631754878288189e-05
4_16_SPEAKER_02,4,16,2,136,3640,48,2.8333333333333335,2,3,20,1.0,0.4407894736842105,0.2898071621352519,0.45453154148584296,0.0780701754385965,0.03903508771929825,0.03903508771929825,0.0002192982456140351,2.7412280701754386e-05,7.899538357292108e-05,4.631754878288189e-05
4_16_SPEAKER_02,4,16,2,136,3640,48,2.8333333333333335,2,4,8,1.0,0.4407894736842105,0.2898071621352519,0.45453154148584296,0.0780701754385965,0.03903508771929825,0.03903508771929825,0.0002192982456140351,2.7412280701754386e-05,7.899538357292108e-05,4.631754878288189e-05
4_16_SPEAKER_03,4,16,3,2222,3640,48,46.291666666666664,3,0,40,1.0,0.4407894736842105,0.2898071621352519,0.45453154148584296,0.34912280701754383,0.17456140350877192,0.17456140350877192,0.0,9.534706331045004e-06,0.0003201236784951203,0.00016241369857601602
4_16_SPEAKER_03,4,16,3,2222,3640,48,46.291666666666664,3,1,26,1.0,0.4407894736842105,0.2898071621352519,0.45453154148584296,0.34912280701754383,0.17456140350877192,0.17456140350877192,0.0,9.534706331045004e-06,0.0003201236784951203,0.00016241369857601602
4_16_SPEAKER_03,4,16,3,2222,3640,48,46.291666666666664,3,2,20,1.0,0.4407894736842105,0.2898071621352519,0.45453154148584296,0.34912280701754383,0.17456140350877192,0.17456140350877192,0.0,9.534706331045004e-06,0.0003201236784951203,0.00016241369857601602
4_16_SPEAKER_03,4,16,3,2222,3640,48,46.291666666666664,3,3,113,1.0,0.4407894736842105,0.2898071621352519,0.45453154148584296,0.34912280701754383,0.17456140350877192,0.17456140350877192,0.0,9.534706331045004e-06,0.0003201236784951203,0.00016241369857601602
4_16_SPEAKER_03,4,16,3,2222,3640,48,46.291666666666664,3,4,57,1.0,0.4407894736842105,0.2898071621352519,0.45453154148584296,0.34912280701754383,0.17456140350877192,0.17456140350877192,0.0,9.534706331045004e-06,0.0003201236784951203,0.00016241369857601602
4_16_SPEAKER_04,4,16,4,531,3640,48,11.0625,4,0,13,1.0,0.4407894736842105,0.2898071621352519,0.45453154148584296,0.19649122807017544,0.09824561403508772,0.09824561403508772,0.0,2.3391812865497078e-05,0.00021747583149827723,9.435186364046615e-05
4_16_SPEAKER_04,4,16,4,531,3640,48,11.0625,4,1,3,1.0,0.4407894736842105,0.2898071621352519,0.45453154148584296,0.19649122807017544,0.09824561403508772,0.09824561403508772,0.0,2.3391812865497078e-05,0.00021747583149827723,9.435186364046615e-05
4_16_SPEAKER_04,4,16,4,531,3640,48,11.0625,4,2,11,1.0,0.4407894736842105,0.2898071621352519,0.45453154148584296,0.19649122807017544,0.09824561403508772,0.09824561403508772,0.0,2.3391812865497078e-05,0.00021747583149827723,9.435186364046615e-05
4_16_SPEAKER_04,4,16,4,531,3640,48,11.0625,4,3,57,1.0,0.4407894736842105,0.2898071621352519,0.45453154148584296,0.19649122807017544,0.09824561403508772,0.09824561403508772,0.0,2.3391812865497078e-05,0.00021747583149827723,9.435186364046615e-05
4_16_SPEAKER_04,4,16,4,531,3640,48,11.0625,4,4,56,1.0,0.4407894736842105,0.2898071621352519,0.45453154148584296,0.19649122807017544,0.09824561403508772,0.09824561403508772,0.0,2.3391812865497078e-05,0.00021747583149827723,9.435186364046615e-05
4_17_SPEAKER_01,4,17,1,4,200,24,0.16666666666666666,1,1,2,0.5,0.21296296296296297,0.4038461414201187,0.23462504837952314,0.10416666666666667,0.052083333333333336,0.052083333333333336,0.0,0.001644736842105263,0.0014741246652625528,0.0013976248004409022
4_17_SPEAKER_01,4,17,1,4,200,24,0.16666666666666666,1,2,0,0.5,0.21296296296296297,0.4038461414201187,0.23462504837952314,0.10416666666666667,0.052083333333333336,0.052083333333333336,0.0,0.001644736842105263,0.0014741246652625528,0.0013976248004409022
4_17_SPEAKER_01,4,17,1,4,200,24,0.16666666666666666,1,3,1,0.5,0.21296296296296297,0.4038461414201187,0.23462504837952314,0.10416666666666667,0.052083333333333336,0.052083333333333336,0.0,0.001644736842105263,0.0014741246652625528,0.0013976248004409022
4_17_SPEAKER_01,4,17,1,4,200,24,0.16666666666666666,1,4,0,0.5,0.21296296296296297,0.4038461414201187,0.23462504837952314,0.10416666666666667,0.052083333333333336,0.052083333333333336,0.0,0.001644736842105263,0.0014741246652625528,0.0013976248004409022
4_17_SPEAKER_02,4,17,2,3,200,24,0.125,2,1,0,0.5,0.21296296296296297,0.4038461414201187,0.23462504837952314,0.041666666666666664,0.020833333333333332,0.020833333333333332,0.0,0.0018382352941176473,0.0008917793997625022,0.0007451634240140057
4_17_SPEAKER_02,4,17,2,3,200,24,0.125,2,2,0,0.5,0.21296296296296297,0.4038461414201187,0.23462504837952314,0.041666666666666664,0.020833333333333332,0.020833333333333332,0.0,0.0018382352941176473,0.0008917793997625022,0.0007451634240140057
4_17_SPEAKER_02,4,17,2,3,200,24,0.125,2,3,1,0.5,0.21296296296296297,0.4038461414201187,0.23462504837952314,0.041666666666666664,0.020833333333333332,0.020833333333333332,0.0,0.0018382352941176473,0.0008917793997625022,0.0007451634240140057
4_17_SPEAKER_02,4,17,2,3,200,24,0.125,2,4,0,0.5,0.21296296296296297,0.4038461414201187,0.23462504837952314,0.041666666666666664,0.020833333333333332,0.020833333333333332,0.0,0.0018382352941176473,0.0008917793997625022,0.0007451634240140057
4_17_SPEAKER_03,4,17,3,182,200,24,7.583333333333333,3,1,2,0.5,0.21296296296296297,0.4038461414201187,0.23462504837952314,0.6458333333333334,0.3229166666666667,0.3229166666666667,0.010416666666666666,0.002403846153846154,0.009634017983264324,0.006465099746155732
4_17_SPEAKER_03,4,17,3,182,200,24,7.583333333333333,3,2,1,0.5,0.21296296296296297,0.4038461414201187,0.23462504837952314,0.6458333333333334,0.3229166666666667,0.3229166666666667,0.010416666666666666,0.002403846153846154,0.009634017983264324,0.006465099746155732
4_17_SPEAKER_03,4,17,3,182,200,24,7.583333333333333,3,3,18,0.5,0.21296296296296297,0.4038461414201187,0.23462504837952314,0.6458333333333334,0.3229166666666667,0.3229166666666667,0.010416666666666666,0.002403846153846154,0.009634017983264324,0.006465099746155732
4_17_SPEAKER_03,4,17,3,182,200,24,7.583333333333333,3,4,4,0.5,0.21296296296296297,0.4038461414201187,0.23462504837952314,0.6458333333333334,0.3229166666666667,0.3229166666666667,0.010416666666666666,0.002403846153846154,0.009634017983264324,0.006465099746155732
4_17_SPEAKER_04,4,17,4,11,200,24,0.4583333333333333,4,1,0,0.5,0.21296296296296297,0.4038461414201187,0.23462504837952314,0.16666666666666666,0.08333333333333333,0.08333333333333333,0.0,0.0010775862068965517,0.003567117592119418,0.001808778696056023
4_17_SPEAKER_04,4,17,4,11,200,24,0.4583333333333333,4,2,0,0.5,0.21296296296296297,0.4038461414201187,0.23462504837952314,0.16666666666666666,0.08333333333333333,0.08333333333333333,0.0,0.0010775862068965517,0.003567117592119418,0.001808778696056023
4_17_SPEAKER_04,4,17,4,11,200,24,0.4583333333333333,4,3,4,0.5,0.21296296296296297,0.4038461414201187,0.23462504837952314,0.16666666666666666,0.08333333333333333,0.08333333333333333,0.0,0.0010775862068965517,0.003567117592119418,0.001808778696056023
4_17_SPEAKER_04,4,17,4,11,200,24,0.4583333333333333,4,4,0,0.5,0.21296296296296297,0.4038461414201187,0.23462504837952314,0.16666666666666666,0.08333333333333333,0.08333333333333333,0.0,0.0010775862068965517,0.003567117592119418,0.001808778696056023
